[{"name":"theme_info","theme_name":"MyShop","theme_author":"Tony","theme_version":"1.0.5","theme_documentation_url":"http:\/\/ocean.tonytemplates.com\/shopify\/myshop-doc","theme_support_url":"http:\/\/etheme.tonytemplates.com\/forum\/viewtopic.php?f=5&t=16"},{"name":"Layout","settings":[{"type":"select","id":"home_page_layout","label":"Select Home Page Layout","options":[{"value":"home-page_layout-1","label":"Default Editor"},{"value":"home-page_layout-2","label":"Layout 2 Static"}],"default":"home-page_layout-1"},{"type":"checkbox","id":"enable_rtl","label":"Enable Rtl","default":false},{"type":"checkbox","id":"catalogue_mode","label":"Catalogue Mode","default":false,"info":"Hide cart, \"Add to Cart\" button, Price, Rating"}]},{"name":"Settings","settings":[{"type":"checkbox","id":"show_preloader","label":"Show Preloader","default":true},{"type":"checkbox","id":"use_favicon","label":"Use favicon icon (16px x 16px)","default":true},{"type":"image","id":"favicon.png","label":"Favicon","max-width":16,"max-height":16},{"type":"header","content":"Countdown Timezone"},{"type":"checkbox","id":"use_countdown_timezone","label":"Use Countdown Timezone","default":false},{"type":"text","id":"countdown_timezone","label":"Timezone","info":"[Find and paste your default timezone - (Column Tz)](https:\/\/en.wikipedia.org\/wiki\/List_of_tz_database_time_zones)","default":"US\/Arizona"},{"type":"header","content":"\"Add to Cart\" Popup"},{"type":"checkbox","id":"show_addtocart_popup","label":"Show \"Add to Cart\" Popup","default":true},{"type":"header","content":"Review"},{"type":"checkbox","id":"show_emptyreview","label":"Show Empty Review","default":false},{"type":"header","content":"Admin Panel Helper"},{"type":"paragraph","content":"Admin Panel Helper - show section images and youtube help videos. Update your link some time to get last videos in sections."},{"type":"checkbox","id":"show_helper","label":"Show Helper","info":"Will work in admin panel.","default":true},{"type":"textarea","id":"helper_info","label":"Link With Last Documentation Information","default":"https:\/\/cdn.shopify.com\/s\/files\/1\/2218\/9171\/files\/myshoplinks.js?6985081505650269507","info":"[Update information](https:\/\/myshop-files.myshopify.com)"}]},{"name":"Typography","settings":[{"type":"text","id":"font_name","label":"Google Font Name","default":"Poppins","info":"Default font name = Poppins"}]},{"name":"Language","settings":[{"type":"checkbox","id":"show_menu_language","label":"Show Languages","default":false},{"type":"text","id":"title_language","label":"Title","default":"Language:"},{"type":"text","id":"default_language","label":"Default Language","default":"English"},{"type":"link_list","id":"linklist_language","label":"Language Link List"}]},{"name":"Main Colors","settings":[{"type":"color","id":"color_background","label":"Background Color","default":"#ffffff"},{"type":"color","id":"color_base","label":"Base Color","default":"#5fd179"},{"type":"color","id":"color_base_2","label":"Base Color 2","default":"#333333","info":"Dark color. Hover color"},{"type":"color","id":"color_base_3","label":"Base Color 3","default":"#fe4135","info":"Red color. Hover color"},{"type":"color","id":"color_base_4","label":"Base Color 4","default":"#c2c2c2","info":"Grey color"},{"type":"color","id":"color_base_title","label":"Base Title Color","default":"#333333"},{"type":"color","id":"color_base_font","label":"Base Text Color","default":"#777777"},{"type":"color","id":"color_border","label":"Border Color","default":"#e9e9e9"},{"type":"header","content":"Main Buttons"},{"type":"color","id":"color_buttonbasecolor","label":"Button Base Color","default":"#5fd179"},{"type":"color","id":"color_buttonbasetextcolor","label":"Button Base Text Color","default":"#ffffff"},{"type":"color","id":"color_buttonactivecolor","label":"Button Active Color","default":"#333333"},{"type":"color","id":"color_buttonactivetextcolor","label":"Button Active Text Color","default":"#ffffff"},{"type":"header","content":"Border Buttons. Filtres"},{"type":"color","id":"color_filtbasecolor","label":"Background Base Color","default":"rgba(0,0,0,0)"},{"type":"color","id":"color_filtbasecolorb","label":"Border Base Color","default":"#e9e9e9"},{"type":"color","id":"color_filtbasetextcolor","label":"Text Base Color","default":"#777777"},{"type":"color","id":"color_filtactivecolor","label":"Background Active Color","default":"#333333"},{"type":"color","id":"color_filtactivecolorb","label":"Border Active Color","default":"#333333"},{"type":"color","id":"color_filtactivetextcolor","label":"Text Active Color","default":"#ffffff"}]},{"name":"Header Colors","settings":[{"type":"paragraph","content":"All header colors you can find in css file. Edit_Html>style.scss.liquid Title \"Header Colors\""},{"type":"header","content":"Main Colors"},{"type":"color","id":"color_headerbase","label":"Base Color","default":"#5fd179"},{"type":"color","id":"color_headerbg","label":"Background Color","default":"rgba(0,0,0,0)"},{"type":"color","id":"color_headermyaccount","label":"Icon Links Color","default":"#5fd179","info":"My Account"},{"type":"color","id":"color_headerbase2","label":"Links Color","default":"#333333"},{"type":"color","id":"color_headertext","label":"Texts Color","default":"#777777"},{"type":"color","id":"color_headerborder","label":"Border Color","default":"#e9e9e9"},{"type":"color","id":"color_headercaret","label":"Caret Color","default":"#c2c2c2"},{"type":"header","content":"Dropdown"},{"type":"color","id":"color_headerdropdownbg","label":"Background Color","default":"#ffffff"},{"type":"color","id":"color_headerdropdownbga","label":"Active Background Color","default":"#f6f6f8"},{"type":"color","id":"color_headerdropdowntext","label":"Text Color","default":"#333333"},{"type":"color","id":"color_headerdropdowntexta","label":"Active Text Color","default":"#5fd179"},{"type":"color","id":"color_headerdropdownborder","label":"Border Color","default":"#e9e9e9"},{"type":"header","content":"Search"},{"type":"color","id":"color_headerdropdownsearch","label":"Search Background Color","default":"#f6f6f8"},{"type":"color","id":"color_headerdropdownsearchline","label":"Search Line Color","default":"#d8d8d8","info":"Line in the input field"},{"type":"color","id":"color_headerdropdownsearchtext","label":"Search Text Color","default":"#777777"},{"type":"header","content":"Header Cart Button"},{"type":"color","id":"color_headercartcircle","label":"Circle Color","default":"#ededed"},{"type":"color","id":"color_headercartcirclet","label":"Circle Text Color","default":"#333333"},{"type":"color","id":"color_headercartcirclea","label":"Circle Color with Products","default":"#5fd179"},{"type":"color","id":"color_headercartcircleta","label":"Circle Text Color with Products","default":"#ffffff"},{"type":"header","content":"Social Icons"},{"type":"color","id":"color_headersocicon","label":"Base Color","default":"#c2c2c2"},{"type":"color","id":"color_headersocicona","label":"Active Color","default":"#333333"},{"type":"header","content":"Header Mobile Main Menu"},{"type":"color","id":"color_headermmbg","label":"Background Color","default":"#ffffff"},{"type":"color","id":"color_headermmbga","label":"Active Background Color","default":"#f6f6f8"},{"type":"color","id":"color_headermmbgs","label":"Selected Background Color","default":"#f6f6f8"},{"type":"color","id":"color_headermmtext","label":"Text Color","default":"#333333"},{"type":"color","id":"color_headermmtexta","label":"Active Text Color","default":"#5fd179"},{"type":"color","id":"color_headermmborder","label":"Border Color","default":"#e9e9e9"},{"type":"header","content":"Logo Text Colors"},{"type":"color","id":"default_logo_color","label":"Logo Text Color","default":"#333333"},{"type":"color","id":"default_logomobile_color","label":"Mobile Logo Text Color","default":"#333333"}]},{"name":"Footer Colors","settings":[{"type":"color","id":"color_topline","label":"Top Line Color","default":"#e9e9e9"},{"type":"color","id":"color_footerbg","label":"Background Color","default":"#ffffff"},{"type":"color","id":"color_footerhovercolor","label":"Hover Color","default":"#5fd179"},{"type":"color","id":"color_footerlinescolor","label":"Lines Color","default":"#e9e9e9"},{"type":"color","id":"color_footertitle","label":"Title Color","default":"#333333"},{"type":"color","id":"color_footertext","label":"Text Color","default":"#888888"},{"type":"color","id":"color_footerlink","label":"Link Color","default":"#888888"},{"type":"header","content":"Copyright Field"},{"type":"color","id":"color_copyrightbg","label":"Background Color","default":"#242424"},{"type":"color","id":"color_copyrighttext","label":"Text Color","default":"#777777"},{"type":"header","content":"Social Buttons"},{"type":"color","id":"color_footersocborder","label":"Border Color","default":"#c3c3c3"},{"type":"color","id":"color_footersoctext","label":"Icon Color","default":"#c3c3c3"},{"type":"color","id":"color_footersocbordera","label":"Active Border Color","default":"#333333"},{"type":"color","id":"color_footersoctexta","label":"Active Icon Color","default":"#333333"},{"type":"header","content":"Subsribe Box"},{"type":"color","id":"color_footersubbg","label":"Background Color","default":"#5fd179"},{"type":"color","id":"color_footersubtitle","label":"Title Color","default":"#ffffff"},{"type":"color","id":"color_footersubtext","label":"Title Color","default":"#ffffff"},{"type":"color","id":"color_footersubflbg","label":"Field Background Color","default":"#f6f6f8"},{"type":"color","id":"color_footersubfltext","label":"Field Text Color","default":"#777777"},{"type":"color","id":"color_footersubicon","label":"Field Icon Color","default":"#c2c2c2"},{"type":"color","id":"color_footersubbtn","label":"Button Color","default":"#333333"},{"type":"color","id":"color_footersubbtntext","label":"Button Text Color","default":"#ffffff"},{"type":"color","id":"color_footersubbtna","label":"Button Active Color","default":"#ffffff"},{"type":"color","id":"color_footersubbtntexta","label":"Button Text Active Color","default":"#333333"},{"type":"header","content":"Mobile Icons Color"},{"type":"color","id":"color_footermobileicon","label":"Mobile Icons Color","default":"#c2c2c2"},{"type":"header","content":"Logo Text Color"},{"type":"color","id":"default_logofooter_color","label":"Mobile Logo Text Color","default":"#333333","info":"Work when logo image in empty"}]},{"name":"Header","settings":[{"type":"checkbox","id":"header_position","label":"Use Static Header in the \"Home Page\"","default":false},{"type":"color","id":"header_static_content_color","label":"Content Color","default":"#ffffff","info":"Work with static header"},{"type":"checkbox","id":"show_static_logo","label":"Show Static Logo","default":false},{"type":"image","id":"staticlogo.png","label":"Static Logo","info":"Work only in desktop. Image must be \"png\""}]},{"name":"Product Item","settings":[{"type":"header","content":"Scale Products"},{"type":"checkbox","id":"use_scale_product_image","label":"Use One Image Height","default":false},{"type":"text","id":"product_scale_height","label":"Value In pixel","info":"integer","default":"200"},{"type":"header","content":"Product Hover"},{"type":"checkbox","id":"product_hover","label":"Enable Product Hover","default":true},{"type":"header","content":"New Period"},{"type":"text","id":"new_product_period","label":"New Icon Period","default":"3"},{"type":"header","content":"Settings"},{"type":"text","id":"truncate_product_description","label":"Truncate Description. Show words","default":"30","info":"Integer. Work with original description. Also unique small description you can create in product metafields. See documentation."},{"type":"text","id":"truncate_product_description_last_symbols","label":"Last Symbols","default":"..."},{"type":"header","content":"Elements"},{"type":"checkbox","id":"product_item_show_cart","label":"Show Cart Button","default":true},{"type":"checkbox","id":"product_item_show_quickview","label":"Show Quickview Button","default":true},{"type":"checkbox","id":"product_item_show_rating","label":"Show Rating","default":true},{"type":"checkbox","id":"show_product_options","label":"Show Product Options","default":true},{"type":"checkbox","id":"show_product_countdown","label":"Show Countdown","default":true},{"type":"header","content":"Colors"},{"type":"paragraph","content":"---Title"},{"type":"color","id":"color_title_base","label":"Title Base","default":"#333"},{"type":"color","id":"color_title_active","label":"Title Active","default":"#5fd179"},{"type":"paragraph","content":"---Prices"},{"type":"color","id":"color_price_base","label":"Price Base","default":"#5fd179"},{"type":"color","id":"color_price_new","label":"Price New","default":"#fe4135"},{"type":"color","id":"color_price_sale","label":"Price Sale","default":"#777"},{"type":"paragraph","content":"---Icons"},{"type":"color","id":"color_saleiconbg","label":"Sale Icon Bg","default":"#fe4135"},{"type":"color","id":"color_saleicontext","label":"Sale Icon Text","default":"#ffffff"},{"type":"color","id":"color_newiconbg","label":"New Icon Bg","default":"#333"},{"type":"color","id":"color_newicontext","label":"New Icon Text","default":"#ffffff"},{"type":"paragraph","content":"---Countdown"},{"type":"color","id":"color_countdownbg","label":"Countdown Background","default":"#fff"},{"type":"color","id":"color_countdowntext","label":"Countdown Text","default":"#fe4135"},{"type":"paragraph","content":"---Button Quickview"},{"type":"color","id":"color_qvbg_base","label":"Background","default":"#fff"},{"type":"color","id":"color_qvtextbase","label":"Text","default":"#333"},{"type":"color","id":"color_qviconbase","label":"Icon","default":"#5fd179"},{"type":"color","id":"color_qvbg_active","label":"Background Active","default":"#5fd179"},{"type":"color","id":"color_qvtextactive","label":"Text Active","default":"#fff"},{"type":"color","id":"color_qviconactive","label":"Icon Active","default":"#fff"},{"type":"paragraph","content":"---Mobile Button Quickview"},{"type":"color","id":"color_qvtextbasem","label":"Text","default":"#c2c2c2"},{"type":"color","id":"color_qvtextactivem","label":"Text Active","default":"#5fd179"},{"type":"paragraph","content":"---No Item Icon"},{"type":"color","id":"color_noitem_bg","label":"Icon Background","default":"#fff"},{"type":"color","id":"color_noitem_text","label":"Icon Text","default":"#fe4135"},{"type":"paragraph","content":"---Rating Star"},{"type":"color","id":"color_product_rating","label":"Star Rating","default":"#fc0"},{"type":"color","id":"color_product_rating_empty","label":"Star Empty","default":"#d6d6d6"},{"type":"paragraph","content":"---Buy Button"},{"type":"color","id":"color_buybtnbg_base","label":"Background","default":"#5fd179"},{"type":"color","id":"color_buybtntextbase","label":"Text","default":"#ffffff"},{"type":"color","id":"color_buybtnbg_active","label":"Background Active","default":"#333333"},{"type":"color","id":"color_buybtntextactive","label":"Text Active","default":"#fff"}]},{"name":"Product Page","settings":[{"type":"checkbox","id":"show_product_switcer","label":"Show Product Switcher","default":true},{"type":"select","id":"product_page_design","label":"Product Design","options":[{"value":"product_page_description1","label":"Default"},{"value":"product_page_description2","label":"Design 2"},{"value":"product_page_description3","label":"Design 3"}],"default":"product_page_description1"},{"type":"checkbox","id":"productpage_zoomenable","label":"Enable Image Zoom","default":true},{"type":"checkbox","id":"productpage_scrollzoom","label":"Enable Scroll Zoom","default":true},{"type":"header","content":"Slider. Product Design = Default"},{"type":"radio","id":"product_header_type","label":"Product Thumbnails Position","options":[{"value":"horizontal","label":"Horizontal"},{"value":"vertical","label":"Vertical"},{"value":"bullets","label":"Bullets"}]},{"type":"radio","id":"product_content_size","label":"Slider Size","options":[{"value":"small","label":"Default"},{"value":"medium","label":"Medium"}]},{"type":"header","content":"Video Slide Text"},{"type":"textarea","id":"slider_video_text","label":"Video Slide Text","default":"Video<br>Review"},{"type":"header","content":"Product Info Content"},{"type":"checkbox","id":"show_product_sku","label":"Show SKU","default":true},{"type":"checkbox","id":"show_product_vendor","label":"Show Vendor","default":true},{"type":"checkbox","id":"show_product_type","label":"Show Type","default":true},{"type":"checkbox","id":"show_product_barcode","label":"Show Barcode","default":true},{"type":"checkbox","id":"show_product_quantity","label":"Show Quantity","default":true},{"type":"checkbox","id":"show_product_rating","label":"Show Rating","default":true},{"type":"checkbox","id":"show_sharingtool","label":"Show Sharing Tools","default":true},{"type":"checkbox","id":"variant_combobox","label":"Use Variant Combobox","default":false},{"type":"header","content":"Tabs"},{"type":"select","id":"product_tabs_work","label":"Tabs Position","options":[{"value":"default","label":"Default"},{"value":"center","label":"Center"}],"default":"default"},{"type":"checkbox","id":"show_product_tab_1","label":"Show Tab Description","default":true},{"type":"text","id":"product_tab_title_1","label":"Tab Tilte"},{"type":"checkbox","id":"show_product_tab_2","label":"Show Tab Custom Html","default":true},{"type":"text","id":"product_tab_title_2","label":"Tab Title"},{"type":"textarea","id":"product_tab_desc_2","label":"Tab Custom Html"},{"type":"checkbox","id":"show_product_tab_3","label":"Show Tab Custom Html 2","default":true},{"type":"text","id":"product_tab_title_3","label":"Tab Title"},{"type":"textarea","id":"product_tab_desc_3","label":"Tab Custom Html 2"},{"type":"checkbox","id":"show_product_tab_4","label":"Show Tab Tags","default":true},{"type":"text","id":"product_tab_title_4","label":"Tab Tilte"},{"type":"textarea","id":"product_tab_tags_4","label":"Popular Tags","info":"Enter all popular tags in this field. Example: dress,tops,shirts"},{"type":"checkbox","id":"show_product_tab_5","label":"Show Tab Review","default":true},{"type":"text","id":"product_tab_title_5","label":"Tab Tilte"},{"type":"header","content":"Related Products"},{"type":"checkbox","id":"show_upsell_collection","label":"Show Collection","default":true},{"type":"checkbox","id":"upsell_collection_line","label":"Show Top Line","default":true},{"type":"checkbox","id":"upsell_collection_title_center","label":"Center Title","default":false},{"type":"text","id":"product_upsell_collection_title","label":"Title"},{"type":"text","id":"product_upsell_collection_count","label":"Count","default":"8","info":"Integer"},{"type":"header","content":"Trust Badge"},{"type":"checkbox","id":"show_trust_badge","label":"Show Trust Badge","default":true},{"type":"image","id":"trust_badge.png","label":"Trust Badge Image","info":"Image must be *.png"}]},{"name":"Product Quick View","settings":[{"type":"header","content":"Product Quick View"},{"type":"checkbox","id":"quickview_sku","label":"Show SKU","default":true},{"type":"checkbox","id":"quickview_vendor","label":"Show Vendor","default":true},{"type":"checkbox","id":"quickview_type","label":"Show Type","default":true},{"type":"checkbox","id":"quickview_barcode","label":"Show Barcode","default":true},{"type":"checkbox","id":"quickview_availability","label":"Show Availability","default":true},{"type":"checkbox","id":"quickview_variant_combobox","label":"Use Variant Combobox","default":false},{"type":"header","content":"Short Description"},{"type":"checkbox","id":"quickview_desc_show","label":"Show Description","default":true},{"type":"paragraph","content":"Short description settings. Product_Item_>_Settings"}]},{"name":"Blog","settings":[{"type":"textarea","id":"blog_tags","label":"Blog Tags With Translate","info":"If need translate separate tag with translate word. Example: tag__translate. Items separate with comma ,"},{"type":"header","content":"Blog Grid"},{"type":"text","id":"blog_post_count","label":"Post Count","info":"Integer","default":"6"},{"type":"select","id":"blog_grid","label":"Grid","options":[{"value":"default","label":"Default"},{"value":"blog2","label":"Blog 2 In Row"},{"value":"blog3","label":"Blog 3 In Row"}],"default":"default"},{"type":"header","content":"Article Page"},{"type":"checkbox","id":"article_show_social","label":"Show Sharing Tools","default":true},{"type":"header","content":"Blog Item Settings"},{"type":"checkbox","id":"blog_show_author","label":"Show author","default":true},{"type":"checkbox","id":"blog_show_date","label":"Show date","default":true},{"type":"checkbox","id":"show_comments","label":"Show comments","default":true},{"type":"checkbox","id":"blog_show_tags","label":"Show Tags","default":true},{"type":"checkbox","id":"blog_show_social","label":"Show Sharing Tools","default":true},{"type":"checkbox","id":"blog_show_button","label":"Show Button","default":true},{"type":"paragraph","content":"_____"},{"type":"paragraph","content":"Work only for the field \"Content\". Field \"Excerpt\" will show full."},{"type":"text","id":"truncate","label":"Show Words","default":"15","info":"Integer"},{"type":"text","id":"truncate_last_symbols","label":"Last Symbols","default":"..."},{"type":"header","content":"Sidebar"},{"type":"select","id":"show_blog_sidebar","label":"Sidebar Settings","options":[{"value":"none","label":"Disable. Everywhere"},{"value":"left_two","label":"Left. Everywhere"},{"value":"right_two","label":"Right. Everywhere"},{"value":"left_blog","label":"Left. Only Blog Page"},{"value":"right_blog","label":"Right. Only Blog Page"},{"value":"left_article","label":"Left. Only Article Page"},{"value":"right_article","label":"Right. Only Article Page"}],"default":"left_blog","info":"Everywhere = Blog, Article Pages"},{"type":"header","content":"Sidebar Blogs List"},{"type":"checkbox","id":"sidebar_show_blogs","label":"Show Blogs","default":true},{"type":"text","id":"sidebar_blogs_title","label":"Title"},{"type":"textarea","id":"sidebar_blogs","label":"Blogs Handle","info":"Separate handles by comma. Example: blog1, blog2, ..."},{"type":"header","content":"Sidebar Tags"},{"type":"checkbox","id":"sidebar_show_tags","label":"Show Tags","default":true},{"type":"text","id":"sidebar_tags_title","label":"Title"},{"type":"header","content":"Sidebar Recent Blog"},{"type":"checkbox","id":"sidebar_show_recent_blog","label":"Show Recent Blog","default":true},{"type":"text","id":"sidebar_recent_blog_title","label":"Title"},{"type":"blog","id":"sidebar_recent_blog_name","label":"Blog Name"},{"type":"text","id":"sidebar_recent_blog_count","label":"Post Count","info":"Integer","default":"3"},{"type":"checkbox","id":"blog_show_author_recent","label":"Show author","default":true},{"type":"checkbox","id":"blog_show_date_recent","label":"Show date","default":true},{"type":"checkbox","id":"show_comments_recent","label":"Show comments","default":true},{"type":"paragraph","content":"_____"},{"type":"paragraph","content":"Work only for the field \"Content\". Field \"Excerpt\" will show full."},{"type":"checkbox","id":"truncate_excerpt","label":"Truncate Excerpt","default":false},{"type":"text","id":"truncate_recent","label":"Show Words","default":"15","info":"Integer"},{"type":"text","id":"truncate_last_symbols_recent","label":"Last Symbols","default":"..."},{"type":"header","content":"Sidebar Custom Html Blocks"},{"type":"checkbox","id":"blog_sidebar_customhtml1_show","label":"Show Block 1","default":true},{"type":"text","id":"blog_sidebar_customhtml1_title","label":"Title"},{"type":"image","id":"blog_sidebar_customhtml1_image.jpg","label":"Block Image"},{"type":"textarea","id":"blog_sidebar_customhtml1_content","label":"Content"},{"type":"text","id":"blog_sidebar_customhtml1_link","label":"Link","default":"#"},{"type":"text","id":"blog_sidebar_customhtml1_btn","label":"Button Name","default":"Read More"},{"type":"checkbox","id":"blog_sidebar_customhtml2_show","label":"Show Block 2","default":true},{"type":"text","id":"blog_sidebar_customhtml2_title","label":"Title","default":"Meta"},{"type":"textarea","id":"blog_sidebar_customhtml2_content","label":"Content","default":"<ul class=\"categories-list\"><li><a href=\"#\">Entries RSS<\/a><\/li><li><a href=\"#\">WordPress.org<\/a><\/li><li><a href=\"#\">Magento<\/a><\/li><li><a href=\"#\">Shopify<\/a><\/li><\/ul>"}]},{"name":"Collection Page","settings":[{"type":"text","id":"pagination_limit","label":"Number of products per page","default":"8"},{"type":"select","id":"products_in_column","label":"Products In Column","info":"Start screen width > 1770px. 6 - work when sidebar = off\/hide","options":[{"value":"two","label":"2"},{"value":"three","label":"3"},{"value":"four","label":"4"},{"value":"six","label":"6"}],"default":"three"},{"type":"select","id":"enable_infinite_scroll","label":"Pagination","options":[{"value":"btnpagination","label":"Buttons Pagination"},{"value":"showmore","label":"\"Show More\" Button"},{"value":"autoscroll","label":"Auto Scroll"}],"default":"btnpagination"},{"type":"text","id":"no_products","label":"Infinity scroll. No Products Text","default":"No Products"},{"type":"checkbox","id":"show_collection_title","label":"Show Collection Title","default":true},{"type":"checkbox","id":"show_collection_description","label":"Show Collection Description","default":true},{"type":"header","content":"Sidebar"},{"type":"select","id":"listing_page_design","label":"Page Design","options":[{"value":"disable-sidebar","label":"Disable Sidebar"},{"value":"left-sidebar","label":"Left Sidebar"},{"value":"right-sidebar","label":"Right Sidebar"},{"value":"left-right-sidebar","label":"Left, Right Sidebar"},{"value":"closed-sidebar","label":"Closed Sidebar"}],"default":"left-sidebar"},{"type":"paragraph","content":"new Colors add in \"Product Colors and Textures\""},{"type":"header","content":"Filter Group 1"},{"type":"paragraph","content":"[Filter values correspond to the value \"Tags\" in the product.](https:\/\/docs.shopify.com\/manual\/your-store\/products\/edit-tags)"},{"type":"checkbox","id":"show_filtergroup1","label":"Show Filter Group","default":true},{"type":"checkbox","id":"open_filtergroup1","label":"Open Tab By Default","default":true},{"type":"select","id":"design_filtergroup1","label":"Design","options":[{"value":"default","label":"Links"},{"value":"button","label":"Buttons"},{"value":"color","label":"Color Group"}],"default":"default"},{"type":"text","id":"title_filtergroup1","label":"Title","default":"Group"},{"type":"textarea","id":"filtergroup1","label":"Unique Tags List","default":"dress,tops,shirts","info":"Example: dress,tops,shirts"},{"type":"header","content":"Filter Group 2"},{"type":"paragraph","content":"[Filter values correspond to the value \"Tags\" in the product.](https:\/\/docs.shopify.com\/manual\/your-store\/products\/edit-tags)"},{"type":"checkbox","id":"show_filtergroup2","label":"Show Filter Group","default":true},{"type":"checkbox","id":"open_filtergroup2","label":"Open Tab By Default","default":true},{"type":"select","id":"design_filtergroup2","label":"Design","options":[{"value":"default","label":"Links"},{"value":"button","label":"Buttons"},{"value":"color","label":"Color Group"}],"default":"default"},{"type":"text","id":"title_filtergroup2","label":"Title","default":"Group"},{"type":"textarea","id":"filtergroup2","label":"Unique Tags List","default":"dress,tops,shirts","info":"Example: dress,tops,shirts"},{"type":"header","content":"Filter Group 3"},{"type":"paragraph","content":"[Filter values correspond to the value \"Tags\" in the product.](https:\/\/docs.shopify.com\/manual\/your-store\/products\/edit-tags)"},{"type":"checkbox","id":"show_filtergroup3","label":"Show Filter Group","default":true},{"type":"checkbox","id":"open_filtergroup3","label":"Open Tab By Default","default":true},{"type":"select","id":"design_filtergroup3","label":"Design","options":[{"value":"default","label":"Links"},{"value":"button","label":"Buttons"},{"value":"color","label":"Color Group"}],"default":"default"},{"type":"text","id":"title_filtergroup3","label":"Title","default":"Group"},{"type":"textarea","id":"filtergroup3","label":"Unique Tags List","default":"dress,tops,shirts","info":"Example: dress,tops,shirts"},{"type":"header","content":"Filter Group 4"},{"type":"paragraph","content":"[Filter values correspond to the value \"Tags\" in the product.](https:\/\/docs.shopify.com\/manual\/your-store\/products\/edit-tags)"},{"type":"checkbox","id":"show_filtergroup4","label":"Show Filter Group","default":true},{"type":"checkbox","id":"open_filtergroup4","label":"Open Tab By Default","default":true},{"type":"select","id":"design_filtergroup4","label":"Design","options":[{"value":"default","label":"Links"},{"value":"button","label":"Buttons"},{"value":"color","label":"Color Group"}],"default":"default"},{"type":"text","id":"title_filtergroup4","label":"Title","default":"Group"},{"type":"textarea","id":"filtergroup4","label":"Unique Tags List","default":"dress,tops,shirts","info":"Example: dress,tops,shirts"},{"type":"header","content":"Filter Group 5"},{"type":"paragraph","content":"[Filter values correspond to the value \"Tags\" in the product.](https:\/\/docs.shopify.com\/manual\/your-store\/products\/edit-tags)"},{"type":"checkbox","id":"show_filtergroup5","label":"Show Filter Group","default":true},{"type":"checkbox","id":"open_filtergroup5","label":"Open Tab By Default","default":true},{"type":"select","id":"design_filtergroup5","label":"Design","options":[{"value":"default","label":"Links"},{"value":"button","label":"Buttons"},{"value":"color","label":"Color Group"}],"default":"default"},{"type":"text","id":"title_filtergroup5","label":"Title","default":"Group"},{"type":"textarea","id":"filtergroup5","label":"Unique Tags List","default":"dress,tops,shirts","info":"Example: dress,tops,shirts"},{"type":"header","content":"Filter Group 6"},{"type":"paragraph","content":"[Filter values correspond to the value \"Tags\" in the product.](https:\/\/docs.shopify.com\/manual\/your-store\/products\/edit-tags)"},{"type":"checkbox","id":"show_filtergroup6","label":"Show Filter Group","default":true},{"type":"checkbox","id":"open_filtergroup6","label":"Open Tab By Default","default":true},{"type":"select","id":"design_filtergroup6","label":"Design","options":[{"value":"default","label":"Links"},{"value":"button","label":"Buttons"},{"value":"color","label":"Color Group"}],"default":"default"},{"type":"text","id":"title_filtergroup6","label":"Title","default":"Group"},{"type":"textarea","id":"filtergroup6","label":"Unique Tags List","default":"dress,tops,shirts","info":"Example: dress,tops,shirts"},{"type":"header","content":"Filter Group 7"},{"type":"paragraph","content":"[Filter values correspond to the value \"Tags\" in the product.](https:\/\/docs.shopify.com\/manual\/your-store\/products\/edit-tags)"},{"type":"checkbox","id":"show_filtergroup7","label":"Show Filter Group","default":true},{"type":"checkbox","id":"open_filtergroup7","label":"Open Tab By Default","default":true},{"type":"select","id":"design_filtergroup7","label":"Design","options":[{"value":"default","label":"Links"},{"value":"button","label":"Buttons"},{"value":"color","label":"Color Group"}],"default":"default"},{"type":"text","id":"title_filtergroup7","label":"Title","default":"Group"},{"type":"textarea","id":"filtergroup7","label":"Unique Tags List","default":"dress,tops,shirts","info":"Example: dress,tops,shirts"},{"type":"header","content":"Filter Group 8"},{"type":"paragraph","content":"[Filter values correspond to the value \"Tags\" in the product.](https:\/\/docs.shopify.com\/manual\/your-store\/products\/edit-tags)"},{"type":"checkbox","id":"show_filtergroup8","label":"Show Filter Group","default":true},{"type":"checkbox","id":"open_filtergroup8","label":"Open Tab By Default","default":true},{"type":"select","id":"design_filtergroup8","label":"Design","options":[{"value":"default","label":"Links"},{"value":"button","label":"Buttons"},{"value":"color","label":"Color Group"}],"default":"default"},{"type":"text","id":"title_filtergroup8","label":"Title","default":"Group"},{"type":"textarea","id":"filtergroup8","label":"Unique Tags List","default":"dress,tops,shirts","info":"Example: dress,tops,shirts"},{"type":"header","content":"Filter Group 9"},{"type":"paragraph","content":"[Filter values correspond to the value \"Tags\" in the product.](https:\/\/docs.shopify.com\/manual\/your-store\/products\/edit-tags)"},{"type":"checkbox","id":"show_filtergroup9","label":"Show Filter Group","default":true},{"type":"checkbox","id":"open_filtergroup9","label":"Open Tab By Default","default":true},{"type":"select","id":"design_filtergroup9","label":"Design","options":[{"value":"default","label":"Links"},{"value":"button","label":"Buttons"},{"value":"color","label":"Color Group"}],"default":"default"},{"type":"text","id":"title_filtergroup9","label":"Title","default":"Group"},{"type":"textarea","id":"filtergroup9","label":"Unique Tags List","default":"dress,tops,shirts","info":"Example: dress,tops,shirts"},{"type":"header","content":"Filter Group 10"},{"type":"paragraph","content":"[Filter values correspond to the value \"Tags\" in the product.](https:\/\/docs.shopify.com\/manual\/your-store\/products\/edit-tags)"},{"type":"checkbox","id":"show_filtergroup10","label":"Show Filter Group","default":true},{"type":"checkbox","id":"open_filtergroup10","label":"Open Tab By Default","default":true},{"type":"select","id":"design_filtergroup10","label":"Design","options":[{"value":"default","label":"Links"},{"value":"button","label":"Buttons"},{"value":"color","label":"Color Group"}],"default":"default"},{"type":"text","id":"title_filtergroup10","label":"Title","default":"Group"},{"type":"textarea","id":"filtergroup10","label":"Unique Tags List","default":"dress,tops,shirts","info":"Example: dress,tops,shirts"},{"type":"header","content":"Sidebar Collections Tab"},{"type":"checkbox","id":"show_collectionstab","label":"Show Collections","default":true},{"type":"checkbox","id":"open_collectionstab","label":"Open Tab By Default","default":true},{"type":"text","id":"collectionstab_title","label":"Title","default":"Collections"},{"type":"link_list","id":"collectionstab_links","label":"Collections Link List"},{"type":"header","content":"Sidebar Gallery Tab"},{"type":"checkbox","id":"show_sidebar_collection","label":"Show Sidebar Gallery","default":true},{"type":"checkbox","id":"open_sidebar_collection","label":"Open Tab By Default","default":false},{"type":"text","id":"sidebar_collection_title","label":"Title","default":"Featured Products"},{"type":"collection","id":"sidebar_collection","label":"Products From Collection","info":"show limit = 6"},{"type":"header","content":"Sidebar Custom Html Tab"},{"type":"checkbox","id":"show_sidebar_customhtml","label":"Show Sidebar Custom Html","default":true},{"type":"checkbox","id":"open_sidebar_customhtml","label":"Open Tab By Default","default":false},{"type":"text","id":"sidebar_customhtml_title","label":"Title","default":"Custom Html"},{"type":"textarea","id":"sidebar_customhtml","label":"Custom Html"}]},{"name":"Product Colors and Textures","settings":[{"type":"header","content":"Product Colors"},{"type":"textarea","id":"product_colors","label":"Product Color","default":"red: #ff0000,\r\nyellow: #ffff00,\r\nblack: #000000,\r\nblue: #0000FF,\r\ngreen: #00ff00,\r\npurple: #800080,\r\nsilver: #c0c0c0,\r\nwhite: #ffffff,\r\nbrown: #7B3F00,\r\nlight-brown: #feb035,\r\ndark-turquoise: #23cddc,\r\norange: #fe9001,\r\ntan: #eacea7,\r\nviolet: #EE82EE,\r\npink: #FFC0CB,\r\ngrey: #808080","info":"Items separate with comma. Write color name from product option and separate option with color HEX value. All texts in lowercase."},{"type":"header","content":"Color With Border"},{"type":"text","id":"shopby_color_filter_border","label":"Color With Border","default":"White","info":"When color = background color, color is hide. Write color name and this color has border."},{"type":"header","content":"Associate Parameter with Image"},{"type":"text","id":"filter_color1","label":"Parameter Name 1","info":"Enter parameter name and select image \"Image Color 1\""},{"type":"image","id":"filter_color1.png","label":"Image Color 1","info":"Image must be PNG, 50 x 50 Px"},{"type":"text","id":"filter_color2","label":"Parameter Name 2","info":"Enter parameter name and select image \"Image Color 2\""},{"type":"image","id":"filter_color2.png","label":"Image Color 2","info":"Image must be PNG, 50 x 50 Px"},{"type":"text","id":"filter_color3","label":"Parameter Name 3","info":"Enter parameter name and select image \"Image Color 3\""},{"type":"image","id":"filter_color3.png","label":"Image Color 3","info":"Image must be PNG, 50 x 50 Px"},{"type":"text","id":"filter_color4","label":"Parameter Name 4","info":"Enter parameter name and select image \"Image Color 4\""},{"type":"image","id":"filter_color4.png","label":"Image Color 4","info":"Image must be PNG, 50 x 50 Px"},{"type":"text","id":"filter_color5","label":"Parameter Name 5","info":"Enter parameter name and select image \"Image Color 5\""},{"type":"image","id":"filter_color5.png","label":"Image Color 5","info":"Image must be PNG, 50 x 50 Px"},{"type":"text","id":"filter_color6","label":"Parameter Name 6","info":"Enter parameter name and select image \"Image Color 6\""},{"type":"image","id":"filter_color6.png","label":"Image Color 6","info":"Image must be PNG, 50 x 50 Px"},{"type":"text","id":"filter_color7","label":"Parameter Name 7","info":"Enter parameter name and select image \"Image Color 7\""},{"type":"image","id":"filter_color7.png","label":"Image Color 7","info":"Image must be PNG, 50 x 50 Px"},{"type":"text","id":"filter_color8","label":"Parameter Name 8","info":"Enter parameter name and select image \"Image Color 8\""},{"type":"image","id":"filter_color8.png","label":"Image Color 8","info":"Image must be PNG, 50 x 50 Px"},{"type":"text","id":"filter_color9","label":"Parameter Name 9","info":"Enter parameter name and select image \"Image Color 9\""},{"type":"image","id":"filter_color9.png","label":"Image Color 9","info":"Image must be PNG, 50 x 50 Px"},{"type":"text","id":"filter_color10","label":"Parameter Name 10","info":"Enter parameter name and select image \"Image Color 10\""},{"type":"image","id":"filter_color10.png","label":"Image Color 10","info":"Image must be PNG, 50 x 50 Px"},{"type":"text","id":"filter_color11","label":"Parameter Name 11","info":"Enter parameter name and select image \"Image Color 11\""},{"type":"image","id":"filter_color11.png","label":"Image Color 11","info":"Image must be PNG, 50 x 50 Px"},{"type":"text","id":"filter_color12","label":"Parameter Name 12","info":"Enter parameter name and select image \"Image Color 12\""},{"type":"image","id":"filter_color12.png","label":"Image Color 12","info":"Image must be PNG, 50 x 50 Px"},{"type":"text","id":"filter_color13","label":"Parameter Name 13","info":"Enter parameter name and select image \"Image Color 13\""},{"type":"image","id":"filter_color13.png","label":"Image Color 13","info":"Image must be PNG, 50 x 50 Px"},{"type":"text","id":"filter_color14","label":"Parameter Name 14","info":"Enter parameter name and select image \"Image Color 14\""},{"type":"image","id":"filter_color14.png","label":"Image Color 14","info":"Image must be PNG, 50 x 50 Px"},{"type":"text","id":"filter_color15","label":"Parameter Name 15","info":"Enter parameter name and select image \"Image Color 15\""},{"type":"image","id":"filter_color15.png","label":"Image Color 15","info":"Image must be PNG, 50 x 50 Px"},{"type":"text","id":"filter_color16","label":"Parameter Name 16","info":"Enter parameter name and select image \"Image Color 16\""},{"type":"image","id":"filter_color16.png","label":"Image Color 16","info":"Image must be PNG, 50 x 50 Px"},{"type":"text","id":"filter_color17","label":"Parameter Name 17","info":"Enter parameter name and select image \"Image Color 17\""},{"type":"image","id":"filter_color17.png","label":"Image Color 17","info":"Image must be PNG, 50 x 50 Px"},{"type":"text","id":"filter_color18","label":"Parameter Name 18","info":"Enter parameter name and select image \"Image Color 118\""},{"type":"image","id":"filter_color18.png","label":"Image Color 18","info":"Image must be PNG, 50 x 50 Px"},{"type":"text","id":"filter_color19","label":"Parameter Name 19","info":"Enter parameter name and select image \"Image Color 19\""},{"type":"image","id":"filter_color19.png","label":"Image Color 19","info":"Image must be PNG, 50 x 50 Px"},{"type":"text","id":"filter_color20","label":"Parameter Name 20","info":"Enter parameter name and select image \"Image Color 20\""},{"type":"image","id":"filter_color20.png","label":"Image Color 20","info":"Image must be PNG, 50 x 50 Px"},{"type":"text","id":"filter_color21","label":"Parameter Name 21","info":"Enter parameter name and select image \"Image Color 21\""},{"type":"image","id":"filter_color21.png","label":"Image Color 21","info":"Image must be PNG, 50 x 50 Px"},{"type":"text","id":"filter_color22","label":"Parameter Name 22","info":"Enter parameter name and select image \"Image Color 22\""},{"type":"image","id":"filter_color22.png","label":"Image Color 22","info":"Image must be PNG, 50 x 50 Px"},{"type":"text","id":"filter_color23","label":"Parameter Name 23","info":"Enter parameter name and select image \"Image Color 23\""},{"type":"image","id":"filter_color23.png","label":"Image Color 23","info":"Image must be PNG, 50 x 50 Px"},{"type":"text","id":"filter_color24","label":"Parameter Name 24","info":"Enter parameter name and select image \"Image Color 24\""},{"type":"image","id":"filter_color24.png","label":"Image Color 24","info":"Image must be PNG, 50 x 50 Px"},{"type":"text","id":"filter_color25","label":"Parameter Name 25","info":"Enter parameter name and select image \"Image Color 25\""},{"type":"image","id":"filter_color25.png","label":"Image Color 25","info":"Image must be PNG, 50 x 50 Px"},{"type":"text","id":"filter_color26","label":"Parameter Name 26","info":"Enter parameter name and select image \"Image Color 26\""},{"type":"image","id":"filter_color26.png","label":"Image Color 26","info":"Image must be PNG, 50 x 50 Px"},{"type":"text","id":"filter_color27","label":"Parameter Name 27","info":"Enter parameter name and select image \"Image Color 27\""},{"type":"image","id":"filter_color27.png","label":"Image Color 27","info":"Image must be PNG, 50 x 50 Px"},{"type":"text","id":"filter_color28","label":"Parameter Name 28","info":"Enter parameter name and select image \"Image Color 28\""},{"type":"image","id":"filter_color28.png","label":"Image Color 28","info":"Image must be PNG, 50 x 50 Px"},{"type":"text","id":"filter_color29","label":"Parameter Name 29","info":"Enter parameter name and select image \"Image Color 29\""},{"type":"image","id":"filter_color29.png","label":"Image Color 29","info":"Image must be PNG, 50 x 50 Px"},{"type":"text","id":"filter_color30","label":"Parameter Name 30","info":"Enter parameter name and select image \"Image Color 30\""},{"type":"image","id":"filter_color30.png","label":"Image Color 30","info":"Image must be PNG, 50 x 50 Px"},{"type":"text","id":"filter_color31","label":"Parameter Name 31","info":"Enter parameter name and select image \"Image Color 31\""},{"type":"image","id":"filter_color31.png","label":"Image Color 31","info":"Image must be PNG, 50 x 50 Px"},{"type":"text","id":"filter_color32","label":"Parameter Name 32","info":"Enter parameter name and select image \"Image Color 32\""},{"type":"image","id":"filter_color32.png","label":"Image Color 32","info":"Image must be PNG, 50 x 50 Px"},{"type":"text","id":"filter_color33","label":"Parameter Name 33","info":"Enter parameter name and select image \"Image Color 33\""},{"type":"image","id":"filter_color33.png","label":"Image Color 33","info":"Image must be PNG, 50 x 50 Px"},{"type":"text","id":"filter_color34","label":"Parameter Name 34","info":"Enter parameter name and select image \"Image Color 34\""},{"type":"image","id":"filter_color34.png","label":"Image Color 34","info":"Image must be PNG, 50 x 50 Px"},{"type":"text","id":"filter_color35","label":"Parameter Name 35","info":"Enter parameter name and select image \"Image Color 35\""},{"type":"image","id":"filter_color35.png","label":"Image Color 35","info":"Image must be PNG, 50 x 50 Px"},{"type":"text","id":"filter_color36","label":"Parameter Name 36","info":"Enter parameter name and select image \"Image Color 36\""},{"type":"image","id":"filter_color36.png","label":"Image Color 36","info":"Image must be PNG, 50 x 50 Px"},{"type":"text","id":"filter_color37","label":"Parameter Name 37","info":"Enter parameter name and select image \"Image Color 37\""},{"type":"image","id":"filter_color37.png","label":"Image Color 37","info":"Image must be PNG, 50 x 50 Px"},{"type":"text","id":"filter_color38","label":"Parameter Name 38","info":"Enter parameter name and select image \"Image Color 38\""},{"type":"image","id":"filter_color38.png","label":"Image Color 38","info":"Image must be PNG, 50 x 50 Px"},{"type":"text","id":"filter_color39","label":"Parameter Name 39","info":"Enter parameter name and select image \"Image Color 39\""},{"type":"image","id":"filter_color39.png","label":"Image Color 39","info":"Image must be PNG, 50 x 50 Px"},{"type":"text","id":"filter_color40","label":"Parameter Name 40","info":"Enter parameter name and select image \"Image Color 40\""},{"type":"image","id":"filter_color40.png","label":"Image Color 40","info":"Image must be PNG, 50 x 50 Px"},{"type":"text","id":"filter_color41","label":"Parameter Name 41","info":"Enter parameter name and select image \"Image Color 41\""},{"type":"image","id":"filter_color41.png","label":"Image Color 41","info":"Image must be PNG, 50 x 50 Px"},{"type":"text","id":"filter_color42","label":"Parameter Name 42","info":"Enter parameter name and select image \"Image Color 42\""},{"type":"image","id":"filter_color42.png","label":"Image Color 42","info":"Image must be PNG, 50 x 50 Px"},{"type":"text","id":"filter_color43","label":"Parameter Name 43","info":"Enter parameter name and select image \"Image Color 43\""},{"type":"image","id":"filter_color43.png","label":"Image Color 43","info":"Image must be PNG, 50 x 50 Px"},{"type":"text","id":"filter_color44","label":"Parameter Name 44","info":"Enter parameter name and select image \"Image Color 44\""},{"type":"image","id":"filter_color44.png","label":"Image Color 44","info":"Image must be PNG, 50 x 50 Px"},{"type":"text","id":"filter_color45","label":"Parameter Name 45","info":"Enter parameter name and select image \"Image Color 45\""},{"type":"image","id":"filter_color45.png","label":"Image Color 45","info":"Image must be PNG, 50 x 50 Px"},{"type":"text","id":"filter_color46","label":"Parameter Name 46","info":"Enter parameter name and select image \"Image Color 46\""},{"type":"image","id":"filter_color46.png","label":"Image Color 46","info":"Image must be PNG, 50 x 50 Px"},{"type":"text","id":"filter_color47","label":"Parameter Name 47","info":"Enter parameter name and select image \"Image Color 47\""},{"type":"image","id":"filter_color47.png","label":"Image Color 47","info":"Image must be PNG, 50 x 50 Px"},{"type":"text","id":"filter_color48","label":"Parameter Name 48","info":"Enter parameter name and select image \"Image Color 48\""},{"type":"image","id":"filter_color48.png","label":"Image Color 48","info":"Image must be PNG, 50 x 50 Px"},{"type":"text","id":"filter_color49","label":"Parameter Name 49","info":"Enter parameter name and select image \"Image Color 49\""},{"type":"image","id":"filter_color49.png","label":"Image Color 49","info":"Image must be PNG, 50 x 50 Px"},{"type":"text","id":"filter_color50","label":"Parameter Name 50","info":"Enter parameter name and select image \"Image Color 50\""},{"type":"image","id":"filter_color50.png","label":"Image Color 50","info":"Image must be PNG, 50 x 50 Px"}]},{"name":"Newsletter","settings":[{"type":"header","content":"Newsletter Widget"},{"type":"text","id":"mailchimp_form_action","label":"MailChimp form action URL","info":"[Where do I find my MailChimp form action URL?](https:\/\/help.shopify.com\/manual\/using-themes\/change-the-layout\/theme-newsletter#add-a-mailchimp-newsletter-form-to-your-store-non-sectioned-themes-specific)"}]},{"name":"Popup Newsletter","settings":[{"type":"paragraph","content":"After close popup next show will be after 1 minute. If set \"DON'T SHOW THIS POPUP AGAIN\" next show will be after 7 days."},{"type":"checkbox","id":"popup_newsletter_show","label":"Show Popup Newsletter","default":false},{"type":"checkbox","id":"popup_newsletter_showimage","label":"Show Background Image","default":false},{"type":"image","id":"newsletter-background.jpg","label":"Background Image","info":"Image must be jpg"},{"type":"textarea","id":"popup_newsletter_title","label":"Title","default":"GET THE LATEST NEWS<br>DELIVERED DAILY!"},{"type":"textarea","id":"popup_newsletter_description","label":"Description","default":"Give us your email and you will be daily updated with <br>the latest events, in detail!"},{"type":"text","id":"popup_newsletter_button","label":"Button","default":"SUBSCRIBE"},{"type":"textarea","id":"popup_newsletter_question","label":"Question","default":"Don’t show this popup again"},{"type":"textarea","id":"popup_newsletter_formmsg","label":"Form Message","default":"Enter please your e-mail"},{"type":"paragraph","content":"\"MailChimp form action URL\" You can find in tab \"Newsletter\""},{"type":"header","content":"Time Settings"},{"type":"text","id":"popup_newsletter_delay_first","label":"Delay before current show","info":"Time in milliseconds. Integer","default":"2000"},{"type":"text","id":"popup_newsletter_delay","label":"Delay before next show","info":"Time in minutes. Integer","default":"1"}]},{"name":"Cart Page","settings":[{"type":"select","id":"cart_design","label":"Cart Page Design","options":[{"value":"default","label":"Default"},{"value":"design2","label":"Right Column"}],"default":"default"},{"type":"image","id":"empty-shopping-cart-icon.png","label":"Empty Cart Image","info":"Image must be PNG"},{"type":"header","content":"Cart Notes"},{"type":"checkbox","id":"show_cart_notes","label":"Cart Notes","default":true},{"type":"header","content":"Shipping Rates Calculator"},{"type":"checkbox","id":"shipping_calculator","label":"Show the shipping calculator","default":true},{"type":"text","id":"shipping_calculator_heading","label":"Heading Title","default":"ESTIMATE SHIPPING AND TAX"},{"type":"text","id":"shipping_calculator_heading_desc","label":"Heading Description","default":"Enter your destination to get a shipping estimate."},{"type":"select","id":"shipping_calculator_default_country","label":"Default country selection","options":[{"value":"","label":"-- Please Select --"},{"value":"Vietnam","label":"Vietnam"},{"value":"Canada","label":"Canada"},{"value":"Australia","label":"Australia"},{"value":"Afghanistan","label":"Afghanistan"},{"value":"Aland Islands","label":"Aland Islands"},{"value":"Albania","label":"Albania"},{"value":"Algeria","label":"Algeria"},{"value":"Andorra","label":"Andorra"},{"value":"Angola","label":"Angola"},{"value":"Anguilla","label":"Anguilla"},{"value":"Antigua And Barbuda","label":"Antigua And Barbuda"},{"value":"Argentina","label":"Argentina"},{"value":"Armenia","label":"Armenia"},{"value":"Aruba","label":"Aruba"},{"value":"Austria","label":"Austria"},{"value":"Azerbaijan","label":"Azerbaijan"},{"value":"Bahamas","label":"Bahamas"},{"value":"Bahrain","label":"Bahrain"},{"value":"Bangladesh","label":"Bangladesh"},{"value":"Barbados","label":"Barbados"},{"value":"Belarus","label":"Belarus"},{"value":"Belgium","label":"Belgium"},{"value":"Belize","label":"Belize"},{"value":"Benin","label":"Benin"},{"value":"Bermuda","label":"Bermuda"},{"value":"Bhutan","label":"Bhutan"},{"value":"Bolivia","label":"Bolivia"},{"value":"Bosnia And Herzegovina","label":"Bosnia And Herzegovina"},{"value":"Botswana","label":"Botswana"},{"value":"Bouvet Island","label":"Bouvet Island"},{"value":"Brazil","label":"Brazil"},{"value":"British Indian Ocean Territory","label":"British Indian Ocean Territory"},{"value":"Brunei","label":"Brunei"},{"value":"Bulgaria","label":"Bulgaria"},{"value":"Burkina Faso","label":"Burkina Faso"},{"value":"Burma","label":"Burma"},{"value":"Burundi","label":"Burundi"},{"value":"Cambodia","label":"Cambodia"},{"value":"Cape Verde","label":"Cape Verde"},{"value":"Cayman Islands","label":"Cayman Islands"},{"value":"Central African Republic","label":"Central African Republic"},{"value":"Chad","label":"Chad"},{"value":"Chile","label":"Chile"},{"value":"China","label":"China"},{"value":"Christmas Island","label":"Christmas Island"},{"value":"Cocos (Keeling) Islands","label":"Cocos (Keeling) Islands"},{"value":"Colombia","label":"Colombia"},{"value":"Comoros","label":"Comoros"},{"value":"Congo","label":"Congo"},{"value":"Congo, The Democratic Republic Of The","label":"Congo, The Democratic Republic Of The"},{"value":"Cook Islands","label":"Cook Islands"},{"value":"Costa Rica","label":"Costa Rica"},{"value":"Croatia","label":"Croatia"},{"value":"Cuba","label":"Cuba"},{"value":"Curaçao","label":"Curaçao"},{"value":"Cyprus","label":"Cyprus"},{"value":"Czech Republic","label":"Czech Republic"},{"value":"Côte d'Ivoire","label":"Côte d'Ivoire"},{"value":"Denmark","label":"Denmark"},{"value":"Djibouti","label":"Djibouti"},{"value":"Dominica","label":"Dominica"},{"value":"Dominican Republic","label":"Dominican Republic"},{"value":"Ecuador","label":"Ecuador"},{"value":"Egypt","label":"Egypt"},{"value":"El Salvador","label":"El Salvador"},{"value":"Equatorial Guinea","label":"Equatorial Guinea"},{"value":"Eritrea","label":"Eritrea"},{"value":"Estonia","label":"Estonia"},{"value":"Ethiopia","label":"Ethiopia"},{"value":"Falkland Islands (Malvinas)","label":"Falkland Islands (Malvinas)"},{"value":"Faroe Islands","label":"Faroe Islands"},{"value":"Fiji","label":"Fiji"},{"value":"Finland","label":"Finland"},{"value":"France","label":"France"},{"value":"French Guiana","label":"French Guiana"},{"value":"French Polynesia","label":"French Polynesia"},{"value":"French Southern Territories","label":"French Southern Territories"},{"value":"Gabon","label":"Gabon"},{"value":"Gambia","label":"Gambia"},{"value":"Georgia","label":"Georgia"},{"value":"Germany","label":"Germany"},{"value":"Ghana","label":"Ghana"},{"value":"Gibraltar","label":"Gibraltar"},{"value":"Greece","label":"Greece"},{"value":"Greenland","label":"Greenland"},{"value":"Grenada","label":"Grenada"},{"value":"Guadeloupe","label":"Guadeloupe"},{"value":"Guatemala","label":"Guatemala"},{"value":"Guernsey","label":"Guernsey"},{"value":"Guinea","label":"Guinea"},{"value":"Guinea Bissau","label":"Guinea Bissau"},{"value":"Guyana","label":"Guyana"},{"value":"Haiti","label":"Haiti"},{"value":"Heard Island And Mcdonald Islands","label":"Heard Island And Mcdonald Islands"},{"value":"Holy See (Vatican City State)","label":"Holy See (Vatican City State)"},{"value":"Honduras","label":"Honduras"},{"value":"Hong Kong","label":"Hong Kong"},{"value":"Hungary","label":"Hungary"},{"value":"Iceland","label":"Iceland"},{"value":"India","label":"India"},{"value":"Indonesia","label":"Indonesia"},{"value":"Iran, Islamic Republic Of","label":"Iran, Islamic Republic Of"},{"value":"Iraq","label":"Iraq"},{"value":"Ireland","label":"Ireland"},{"value":"Isle Of Man","label":"Isle Of Man"},{"value":"Israel","label":"Israel"},{"value":"Italy","label":"Italy"},{"value":"Jamaica","label":"Jamaica"},{"value":"Japan","label":"Japan"},{"value":"Jersey","label":"Jersey"},{"value":"Jordan","label":"Jordan"},{"value":"Kazakhstan","label":"Kazakhstan"},{"value":"Kenya","label":"Kenya"},{"value":"Kiribati","label":"Kiribati"},{"value":"Korea, Democratic People's Republic Of","label":"Korea, Democratic People's Republic Of"},{"value":"Kosovo","label":"Kosovo"},{"value":"Kuwait","label":"Kuwait"},{"value":"Kyrgyzstan","label":"Kyrgyzstan"},{"value":"Lao People's Democratic Republic","label":"Lao People's Democratic Republic"},{"value":"Latvia","label":"Latvia"},{"value":"Lebanon","label":"Lebanon"},{"value":"Lesotho","label":"Lesotho"},{"value":"Liberia","label":"Liberia"},{"value":"Libyan Arab Jamahiriya","label":"Libyan Arab Jamahiriya"},{"value":"Liechtenstein","label":"Liechtenstein"},{"value":"Lithuania","label":"Lithuania"},{"value":"Luxembourg","label":"Luxembourg"},{"value":"Macao","label":"Macao"},{"value":"Macedonia, Republic Of","label":"Macedonia, Republic Of"},{"value":"Madagascar","label":"Madagascar"},{"value":"Malawi","label":"Malawi"},{"value":"Malaysia","label":"Malaysia"},{"value":"Maldives","label":"Maldives"},{"value":"Mali","label":"Mali"},{"value":"Malta","label":"Malta"},{"value":"Martinique","label":"Martinique"},{"value":"Mauritania","label":"Mauritania"},{"value":"Mauritius","label":"Mauritius"},{"value":"Mayotte","label":"Mayotte"},{"value":"Mexico","label":"Mexico"},{"value":"Moldova, Republic of","label":"Moldova, Republic of"},{"value":"Monaco","label":"Monaco"},{"value":"Mongolia","label":"Mongolia"},{"value":"Montenegro","label":"Montenegro"},{"value":"Montserrat","label":"Montserrat"},{"value":"Morocco","label":"Morocco"},{"value":"Mozambique","label":"Mozambique"},{"value":"Namibia","label":"Namibia"},{"value":"Nauru","label":"Nauru"},{"value":"Nepal","label":"Nepal"},{"value":"Netherlands","label":"Netherlands"},{"value":"Netherlands Antilles","label":"Netherlands Antilles"},{"value":"New Caledonia","label":"New Caledonia"},{"value":"New Zealand","label":"New Zealand"},{"value":"Nicaragua","label":"Nicaragua"},{"value":"Niger","label":"Niger"},{"value":"Nigeria","label":"Nigeria"},{"value":"Niue","label":"Niue"},{"value":"Norfolk Island","label":"Norfolk Island"},{"value":"Norway","label":"Norway"},{"value":"Oman","label":"Oman"},{"value":"Pakistan","label":"Pakistan"},{"value":"Palestinian Territory, Occupied","label":"Palestinian Territory, Occupied"},{"value":"Panama","label":"Panama"},{"value":"Papua New Guinea","label":"Papua New Guinea"},{"value":"Paraguay","label":"Paraguay"},{"value":"Peru","label":"Peru"},{"value":"Philippines","label":"Philippines"},{"value":"Pitcairn","label":"Pitcairn"},{"value":"Poland","label":"Poland"},{"value":"Portugal","label":"Portugal"},{"value":"Qatar","label":"Qatar"},{"value":"Republic of Cameroon","label":"Republic of Cameroon"},{"value":"Reunion","label":"Reunion"},{"value":"Romania","label":"Romania"},{"value":"Russia","label":"Russia"},{"value":"Rwanda","label":"Rwanda"},{"value":"Saint Barthélemy","label":"Saint Barthélemy"},{"value":"Saint Helena","label":"Saint Helena"},{"value":"Saint Kitts And Nevis","label":"Saint Kitts And Nevis"},{"value":"Saint Lucia","label":"Saint Lucia"},{"value":"Saint Martin","label":"Saint Martin"},{"value":"Saint Pierre And Miquelon","label":"Saint Pierre And Miquelon"},{"value":"Samoa","label":"Samoa"},{"value":"San Marino","label":"San Marino"},{"value":"Sao Tome And Principe","label":"Sao Tome And Principe"},{"value":"Saudi Arabia","label":"Saudi Arabia"},{"value":"Senegal","label":"Senegal"},{"value":"Serbia","label":"Serbia"},{"value":"Seychelles","label":"Seychelles"},{"value":"Sierra Leone","label":"Sierra Leone"},{"value":"Singapore","label":"Singapore"},{"value":"Slovakia","label":"Slovakia"},{"value":"Slovenia","label":"Slovenia"},{"value":"Solomon Islands","label":"Solomon Islands"},{"value":"Somalia","label":"Somalia"},{"value":"South Africa","label":"South Africa"},{"value":"South Georgia And The South Sandwich Islands","label":"South Georgia And The South Sandwich Islands"},{"value":"South Korea","label":"South Korea"},{"value":"Spain","label":"Spain"},{"value":"Sri Lanka","label":"Sri Lanka"},{"value":"St. Vincent","label":"St. Vincent"},{"value":"Sudan","label":"Sudan"},{"value":"Suriname","label":"Suriname"},{"value":"Svalbard And Jan Mayen","label":"Svalbard And Jan Mayen"},{"value":"Swaziland","label":"Swaziland"},{"value":"Sweden","label":"Sweden"},{"value":"Switzerland","label":"Switzerland"},{"value":"Syria","label":"Syria"},{"value":"Taiwan","label":"Taiwan"},{"value":"Tajikistan","label":"Tajikistan"},{"value":"Tanzania, United Republic Of","label":"Tanzania, United Republic Of"},{"value":"Thailand","label":"Thailand"},{"value":"Timor Leste","label":"Timor Leste"},{"value":"Togo","label":"Togo"},{"value":"Tokelau","label":"Tokelau"},{"value":"Tonga","label":"Tonga"},{"value":"Trinidad and Tobago","label":"Trinidad and Tobago"},{"value":"Tunisia","label":"Tunisia"},{"value":"Turkey","label":"Turkey"},{"value":"Turkmenistan","label":"Turkmenistan"},{"value":"Turks and Caicos Islands","label":"Turks and Caicos Islands"},{"value":"Tuvalu","label":"Tuvalu"},{"value":"Uganda","label":"Uganda"},{"value":"Ukraine","label":"Ukraine"},{"value":"United Arab Emirates","label":"United Arab Emirates"},{"value":"United Kingdom","label":"United Kingdom"},{"value":"United States","label":"United States"},{"value":"United States Minor Outlying Islands","label":"United States Minor Outlying Islands"},{"value":"Uruguay","label":"Uruguay"},{"value":"Uzbekistan","label":"Uzbekistan"},{"value":"Vanuatu","label":"Vanuatu"},{"value":"Venezuela","label":"Venezuela"},{"value":"Virgin Islands, British","label":"Virgin Islands, British"},{"value":"Wallis And Futuna","label":"Wallis And Futuna"},{"value":"Western Sahara","label":"Western Sahara"},{"value":"Yemen","label":"Yemen"},{"value":"Zambia","label":"Zambia"},{"value":"Zimbabwe","label":"Zimbabwe"}],"default":"United States"},{"type":"paragraph","content":"If your customer is logged-in, the country in his default shipping address will be selected. If you are not sure about the spelling to use here, refer to the first checkout page."},{"type":"text","id":"shipping_calculator_submit_button_label","label":"Submit button label","default":"Calculate shipping"},{"type":"paragraph","content":"Information about shipping info place in \"shipping-calculator.liquid\" (INFORMATION BLOK)."}]},{"name":"Money options","settings":[{"type":"paragraph","content":"Explain to your customers what happens at checkout [Click here](https:\/\/help.shopify.com\/themes\/customization\/currencies\/show-multiple-currencies#explain-to-your-customers-what-happens-at-checkout)."},{"type":"checkbox","id":"show_multiple_currencies","label":"Show Currency Selector","default":true},{"type":"text","id":"title_currency","label":"Title","default":"Currency:"},{"type":"paragraph","content":"Write ISO 4217 Currency Codes [Click here](http:\/\/www.xe.com\/iso4217.php). Your currencies name: icon [Click here](http:\/\/character-code.com\/currency-html-codes.php), text."},{"type":"textarea","id":"supported_currencies","label":"Currencies you wish to support","default":"USD, ($) US Dollars | EUR, (€) Euro | GBP, (&pound;) British Pounds","info":"Example: USD, ($) US Dollars | EUR, (€) Euro | GBP, (&pound;) British Pounds"},{"type":"paragraph","content":"&nbsp; - space"}]},{"name":"404","settings":[{"type":"image","id":"page-404-icon.png","label":"Image"}]},{"name":"Password","settings":[{"type":"color","id":"pass_color","label":"Main Color","default":"#ffffff"},{"type":"header","content":"Content"},{"type":"image","id":"parallax_pass.jpg","label":"Parallax Image"},{"type":"text","id":"title_pass","label":"Title"},{"type":"textarea","id":"text_pass","label":"Description"},{"type":"checkbox","id":"show_countdown_pass","label":"Show Countdown","default":true},{"type":"textarea","id":"countdown_pass","label":"Countdown","info":"2018\/01\/31 10:30:00"},{"type":"header","content":"Newsletter"},{"type":"checkbox","id":"show_nws_pass","label":"Show Newsletter","default":true},{"type":"text","id":"title_nws_pass","label":"Title"},{"type":"textarea","id":"text_nws_pass","label":"Description"},{"type":"textarea","id":"message_nws_pass","label":"Field Message","default":"Enter please your e-mail"},{"type":"text","id":"button_nws_pass","label":"Button Name","default":"SUBSCRIBE"},{"type":"header","content":"Password Field"},{"type":"textarea","id":"title_pass_pass","label":"Title"},{"type":"textarea","id":"message_pass_pass","label":"Field Message","default":"Enter please your password"},{"type":"text","id":"button_pass","label":"Button Name","default":"CONFIRM"},{"type":"header","content":"Socials Buttons"},{"type":"checkbox","id":"show_social_pass","label":"Show Socials Buttons","default":true},{"type":"textarea","id":"social_pass","label":"Socials Buttons Html"}]}]