{
  "current": {
    "home_page_layout": "home-page_layout-1",
    "enable_rtl": false,
    "catalogue_mode": false,
    "show_preloader": false,
    "use_favicon": true,
    "use_countdown_timezone": true,
    "countdown_timezone": "Europe\/London",
    "show_addtocart_popup": true,
    "show_emptyreview": false,
    "show_helper": false,
    "helper_info": "https:\/\/cdn.shopify.com\/s\/files\/1\/2218\/9171\/files\/myshoplinks.js?6985081505650269507",
    "font_name": "Poppins",
    "show_menu_language": false,
    "title_language": "Language:",
    "default_language": "English",
    "linklist_language": "",
    "color_background": "#ffffff",
    "color_base": "#49bdd1",
    "color_base_2": "#333333",
    "color_base_3": "#ed5d61",
    "color_base_4": "#c2c2c2",
    "color_base_title": "#333333",
    "color_base_font": "#777777",
    "color_border": "#e9e9e9",
    "color_buttonbasecolor": "#49bdd1",
    "color_buttonbasetextcolor": "#ffffff",
    "color_buttonactivecolor": "#333333",
    "color_buttonactivetextcolor": "#ffffff",
    "color_filtbasecolor": "rgba(0,0,0,0)",
    "color_filtbasecolorb": "#e9e9e9",
    "color_filtbasetextcolor": "#777777",
    "color_filtactivecolor": "#333333",
    "color_filtactivecolorb": "#333333",
    "color_filtactivetextcolor": "#ffffff",
    "color_headerbase": "#49bdd1",
    "color_headerbg": "#000000",
    "color_headermyaccount": "#49bdd1",
    "color_headerbase2": "#ffffff",
    "color_headertext": "#777777",
    "color_headerborder": "#ffffff",
    "color_headercaret": "#c2c2c2",
    "color_headerdropdownbg": "#000000",
    "color_headerdropdownbga": "#000000",
    "color_headerdropdowntext": "#000000",
    "color_headerdropdowntexta": "#49bdd1",
    "color_headerdropdownborder": "#000000",
    "color_headerdropdownsearch": "#f6f6f8",
    "color_headerdropdownsearchline": "#d8d8d8",
    "color_headerdropdownsearchtext": "#777777",
    "color_headercartcircle": "#ededed",
    "color_headercartcirclet": "#333333",
    "color_headercartcirclea": "#49bdd1",
    "color_headercartcircleta": "#ffffff",
    "color_headersocicon": "#c2c2c2",
    "color_headersocicona": "#333333",
    "color_headermmbg": "#000000",
    "color_headermmbga": "#000000",
    "color_headermmbgs": "#000000",
    "color_headermmtext": "#ffffff",
    "color_headermmtexta": "#49bdd1",
    "color_headermmborder": "#000000",
    "default_logo_color": "#ffffff",
    "default_logomobile_color": "#ffffff",
    "color_topline": "#e9e9e9",
    "color_footerbg": "#000000",
    "color_footerhovercolor": "#49bdd1",
    "color_footerlinescolor": "#e9e9e9",
    "color_footertitle": "#777777",
    "color_footertext": "#ffffff",
    "color_footerlink": "#ffffff",
    "color_copyrightbg": "#242424",
    "color_copyrighttext": "#777777",
    "color_footersocborder": "#777777",
    "color_footersoctext": "#777777",
    "color_footersocbordera": "#49bdd1",
    "color_footersoctexta": "#49bdd1",
    "color_footersubbg": "#49bdd1",
    "color_footersubtitle": "#ffffff",
    "color_footersubtext": "#ffffff",
    "color_footersubflbg": "#f6f6f8",
    "color_footersubfltext": "#777777",
    "color_footersubicon": "#c2c2c2",
    "color_footersubbtn": "#333333",
    "color_footersubbtntext": "#ffffff",
    "color_footersubbtna": "#ffffff",
    "color_footersubbtntexta": "#333333",
    "color_footermobileicon": "#777777",
    "default_logofooter_color": "#333333",
    "header_position": false,
    "header_static_content_color": "#ffffff",
    "show_static_logo": false,
    "use_scale_product_image": false,
    "product_scale_height": "200",
    "product_hover": true,
    "new_product_period": "3",
    "truncate_product_description": "60",
    "truncate_product_description_last_symbols": "...",
    "product_item_show_cart": true,
    "product_item_show_quickview": true,
    "product_item_show_rating": true,
    "show_product_options": true,
    "show_product_countdown": true,
    "color_title_base": "#333333",
    "color_title_active": "#49bdd1",
    "color_price_base": "#49bdd1",
    "color_price_new": "#ed5d61",
    "color_price_sale": "#777",
    "color_saleiconbg": "#ed5d61",
    "color_saleicontext": "#ffffff",
    "color_newiconbg": "#333",
    "color_newicontext": "#ffffff",
    "color_countdownbg": "#fff",
    "color_countdowntext": "#ed5d61",
    "color_qvbg_base": "#fff",
    "color_qvtextbase": "#333333",
    "color_qviconbase": "#49bdd1",
    "color_qvbg_active": "#49bdd1",
    "color_qvtextactive": "#fff",
    "color_qviconactive": "#fff",
    "color_qvtextbasem": "#c2c2c2",
    "color_qvtextactivem": "#49bdd1",
    "color_noitem_bg": "#fff",
    "color_noitem_text": "#ed5d61",
    "color_product_rating": "#ffe30c",
    "color_product_rating_empty": "#d6d6d6",
    "color_buybtnbg_base": "#49bdd1",
    "color_buybtntextbase": "#ffffff",
    "color_buybtnbg_active": "#333333",
    "color_buybtntextactive": "#ffffff",
    "show_product_switcer": true,
    "product_page_design": "product_page_description1",
    "productpage_zoomenable": true,
    "productpage_scrollzoom": false,
    "product_header_type": "bullets",
    "product_content_size": "small",
    "slider_video_text": "Video<br>Review",
    "show_product_sku": true,
    "show_product_vendor": false,
    "show_product_type": true,
    "show_product_barcode": false,
    "show_product_quantity": false,
    "show_product_rating": true,
    "show_sharingtool": false,
    "variant_combobox": false,
    "product_tabs_work": "center",
    "show_product_tab_1": true,
    "product_tab_title_1": "DESCRIPTION",
    "show_product_tab_2": true,
    "product_tab_title_2": "SIZING GUIDE",
    "product_tab_desc_2": "Custom Tab 1",
    "show_product_tab_3": true,
    "product_tab_title_3": "DELIVERY & PAYMENT",
    "product_tab_desc_3": "<h6>\n<span class=\"color-base icon icon-local_shipping\"><\/span> Shipping and Delivery<\/h6>\n\nWe ship our products to anywhere in the world. To keep things easy, delivery is charged at two standard prices: UK (£3.95, 3-5 working days) and the Rest of the World (£9.95, 7-10 working days). \nAll our products are shipped via Royal Mail. We do not issue tracking numbers upon dispatch, but, if you don’t receive your item within 10 days, please contact us immediately and we promise to do all the chasing for you so you can go about your normal business. \n<div class=\"divider\"><\/div>\n<h6>\n<span class=\"color-base icon icon-payment\"><\/span> Payment Methods<\/h6>\nOur payment system is powered by Paypal, therefore we accept all major credit cards, such as below along with Paypal payments. We accept the following payment types on our site: Visa, Mastercard, American Express, JCB (GBP only), PayPal.",
    "show_product_tab_4": false,
    "product_tab_title_4": "TAG",
    "product_tab_tags_4": "Vintage, Awesome, Summer, Beachwear, Sunglasses, Winter, Shorts, Cool, Nice",
    "show_product_tab_5": true,
    "product_tab_title_5": "REVIEW",
    "show_upsell_collection": true,
    "upsell_collection_line": true,
    "upsell_collection_title_center": false,
    "product_upsell_collection_title": "YOU MAY ALSO BE INTERESTED IN THE FOLLOWING PRODUCT(S)",
    "product_upsell_collection_count": "8",
    "show_trust_badge": false,
    "quickview_sku": false,
    "quickview_vendor": false,
    "quickview_type": true,
    "quickview_barcode": false,
    "quickview_availability": false,
    "quickview_variant_combobox": false,
    "quickview_desc_show": true,
    "blog_tags": "",
    "blog_post_count": "6",
    "blog_grid": "default",
    "article_show_social": true,
    "blog_show_author": false,
    "blog_show_date": true,
    "show_comments": false,
    "blog_show_tags": true,
    "blog_show_social": true,
    "blog_show_button": true,
    "truncate": "15",
    "truncate_last_symbols": "...",
    "show_blog_sidebar": "left_blog",
    "sidebar_show_blogs": false,
    "sidebar_blogs_title": "BLOGS",
    "sidebar_blogs": "Blog",
    "sidebar_show_tags": true,
    "sidebar_tags_title": "TAGS",
    "sidebar_show_recent_blog": true,
    "sidebar_recent_blog_title": "FEATURED POSTS",
    "sidebar_recent_blog_name": "news",
    "sidebar_recent_blog_count": "3",
    "blog_show_author_recent": false,
    "blog_show_date_recent": true,
    "show_comments_recent": false,
    "truncate_excerpt": true,
    "truncate_recent": "9",
    "truncate_last_symbols_recent": "...",
    "blog_sidebar_customhtml1_show": false,
    "blog_sidebar_customhtml1_title": "ABOUT",
    "blog_sidebar_customhtml1_content": "Lorem ipsum dolor sit amet conse ctetur adipisicing elit, sed do eiusmod tempor incididunt ut labore et dolore magna aliqua. Ut enim ad minim veniam, quis nostrud.",
    "blog_sidebar_customhtml1_link": "#",
    "blog_sidebar_customhtml1_btn": "Read More",
    "blog_sidebar_customhtml2_show": false,
    "blog_sidebar_customhtml2_title": "RECENT COMMENTS",
    "blog_sidebar_customhtml2_content": "<div class=\"item\">\r\n\t<div class=\"author\">\r\n<span>Adam<\/span> on<\/div>\r\n\t<a href=\"#\" class=\"recent-title\">\r\n\tFully customizable.\r\n\t<\/a>\r\n\t<p>\r\n\t\tLorem ipsum dolor sit amet conse ctetur adipisicing elit, sed do eiusmod tempor.\r\n\t<\/p>\r\n<\/div>\r\n<div class=\"item\">\r\n\t<div class=\"author\">\r\n<span>Adam<\/span> on<\/div>\r\n\t<a href=\"#\" class=\"recent-title\">\r\n\tFully customizable.\r\n\t<\/a>\r\n\t<p>\r\n\t\tLorem ipsum dolor sit amet conse ctetur adipisicing elit, sed do eiusmod tempor.\r\n\t<\/p>\r\n<\/div>",
    "pagination_limit": "9",
    "products_in_column": "three",
    "enable_infinite_scroll": "autoscroll",
    "no_products": "NO PRODUCTS",
    "show_collection_title": true,
    "show_collection_description": true,
    "listing_page_design": "left-sidebar",
    "show_filtergroup1": true,
    "open_filtergroup1": true,
    "design_filtergroup1": "default",
    "title_filtergroup1": "TYPE",
    "filtergroup1": "Jersey",
    "show_filtergroup2": false,
    "open_filtergroup2": true,
    "design_filtergroup2": "color",
    "title_filtergroup2": "COLOR",
    "filtergroup2": "",
    "show_filtergroup3": false,
    "open_filtergroup3": true,
    "design_filtergroup3": "color",
    "title_filtergroup3": "TEXTURE",
    "filtergroup3": "",
    "show_filtergroup4": false,
    "open_filtergroup4": true,
    "design_filtergroup4": "button",
    "title_filtergroup4": "SIZE",
    "filtergroup4": "XS,S,M,L,XL",
    "show_filtergroup5": false,
    "open_filtergroup5": true,
    "design_filtergroup5": "button",
    "title_filtergroup5": "TAGS",
    "filtergroup5": "",
    "show_filtergroup6": false,
    "open_filtergroup6": true,
    "design_filtergroup6": "default",
    "title_filtergroup6": "VENDOR",
    "filtergroup6": "",
    "show_filtergroup7": false,
    "open_filtergroup7": false,
    "design_filtergroup7": "default",
    "title_filtergroup7": "PRICE",
    "filtergroup7": "",
    "show_filtergroup8": false,
    "open_filtergroup8": false,
    "design_filtergroup8": "default",
    "title_filtergroup8": "Group",
    "filtergroup8": "",
    "show_filtergroup9": false,
    "open_filtergroup9": false,
    "design_filtergroup9": "default",
    "title_filtergroup9": "Group",
    "filtergroup9": "",
    "show_filtergroup10": false,
    "open_filtergroup10": false,
    "design_filtergroup10": "default",
    "title_filtergroup10": "Group",
    "filtergroup10": "",
    "show_collectionstab": true,
    "open_collectionstab": true,
    "collectionstab_title": "COLLECTIONS",
    "collectionstab_links": "collections",
    "show_sidebar_collection": true,
    "open_sidebar_collection": true,
    "sidebar_collection_title": "FEATURED PRODUCTS",
    "sidebar_collection": "sector",
    "show_sidebar_customhtml": false,
    "open_sidebar_customhtml": false,
    "sidebar_customhtml_title": "CUSTOM HTML",
    "sidebar_customhtml": "<h6><a href=\"#\"><span class=\"color-base icon icon-local_shipping\"><\/span> Shipping and Delivery<\/a><\/h6>\r\n<p>\r\n\tWe're dedicated to delivering your purchase as quickly and affordably as possible. We offer a range of delivery and pickup options, so you can choose the shipping method that best meets your needs.\r\n<\/p>\r\n<h6><a href=\"#\"><span class=\"color-base icon icon-payment\"><\/span> Payment Methods<\/a><\/h6>\r\n<p>\r\n\tEvery country and shopper has their prefered method to pay online. Offering your buyers safe and convenient payment choices can help your sale go smoothly, earn you positive Feedback, and bring them back for more.\r\n<\/p>",
    "product_colors": "white: #ffffff,\nred: #ff0000,\nblack: #000000,\nblue: #0000FF,\ngreen: #00ff00,\npurple: #800080,\nsilver: #c0c0c0,\nbrown: #7B3F00,\nlight-brown: #feb035,\ndark-turquoise: #23cddc,\norange: #fe9001,\ntan: #eacea7,\nviolet: #EE82EE,\npink: #FFC0CB,\ngrey: #808080,\nyellow: #ffff00",
    "shopby_color_filter_border": "white",
    "filter_color1": "Material 1",
    "filter_color2": "Material 2",
    "filter_color3": "",
    "filter_color4": "",
    "filter_color5": "",
    "filter_color6": "",
    "filter_color7": "",
    "filter_color8": "",
    "filter_color9": "",
    "filter_color10": "",
    "filter_color11": "",
    "filter_color12": "",
    "filter_color13": "",
    "filter_color14": "",
    "filter_color15": "",
    "filter_color16": "",
    "filter_color17": "",
    "filter_color18": "",
    "filter_color19": "",
    "filter_color20": "",
    "filter_color21": "",
    "filter_color22": "",
    "filter_color23": "",
    "filter_color24": "",
    "filter_color25": "",
    "filter_color26": "",
    "filter_color27": "",
    "filter_color28": "",
    "filter_color29": "",
    "filter_color30": "",
    "filter_color31": "",
    "filter_color32": "",
    "filter_color33": "",
    "filter_color34": "",
    "filter_color35": "",
    "filter_color36": "",
    "filter_color37": "",
    "filter_color38": "",
    "filter_color39": "",
    "filter_color40": "",
    "filter_color41": "",
    "filter_color42": "",
    "filter_color43": "",
    "filter_color44": "",
    "filter_color45": "",
    "filter_color46": "",
    "filter_color47": "",
    "filter_color48": "",
    "filter_color49": "",
    "filter_color50": "",
    "mailchimp_form_action": "\/\/myshopify.us11.list-manage.com\/subscribe\/post?u=0b829b8aff26aaaaa5da602c6&amp;id=2b6c0fbbd8",
    "popup_newsletter_show": false,
    "popup_newsletter_showimage": false,
    "popup_newsletter_title": "GET THE LATEST NEWS<br>DELIVERED DAILY!",
    "popup_newsletter_description": "Give us your email and you will be daily updated with <br>the latest events, in detail!",
    "popup_newsletter_button": "SUBSCRIBE",
    "popup_newsletter_question": "Don’t show this popup again",
    "popup_newsletter_formmsg": "Enter please your e-mail",
    "popup_newsletter_delay_first": "2000",
    "popup_newsletter_delay": "3",
    "cart_design": "default",
    "show_cart_notes": true,
    "shipping_calculator": true,
    "shipping_calculator_heading": "ESTIMATE SHIPPING AND TAX",
    "shipping_calculator_heading_desc": "Enter your destination to get a shipping estimate.",
    "shipping_calculator_default_country": "United Kingdom",
    "shipping_calculator_submit_button_label": "CALCULATE SHIPPING",
    "show_multiple_currencies": false,
    "title_currency": "Currency:",
    "supported_currencies": "USD, ($) US Dollars | EUR, (€) Euro | GBP, (&pound;) British Pounds",
    "pass_color": "#ffffff",
    "title_pass": "We’re Coming Soon",
    "text_pass": "We are working very hard on the new version of our site.<br>It will bring a lot of new features. Stay tuned!",
    "show_countdown_pass": true,
    "countdown_pass": "2018\/01\/31 10:30:00",
    "show_nws_pass": true,
    "title_nws_pass": "Subscribe to Our Newsletter",
    "text_nws_pass": "Sign up now to our newsletter and you'll be one of the first to know when the site is ready:",
    "message_nws_pass": "Enter please your e-mail",
    "button_nws_pass": "SUBSCRIBE",
    "title_pass_pass": "Enter please your password",
    "message_pass_pass": "Enter please your password",
    "button_pass": "CONFIRM",
    "show_social_pass": true,
    "social_pass": "<li><a class=\"icon fa fa-facebook\" href=\"http:\/\/www.facebook.com\/\"><\/a><\/li>\n<li><a class=\"icon fa fa-twitter\" href=\"http:\/\/www.twitter.com\/\"><\/a><\/li>\n<li><a class=\"icon fa fa-google-plus\" href=\"http:\/\/www.google.com\/\"><\/a><\/li>\n<li><a class=\"icon fa fa-instagram\" href=\"https:\/\/instagram.com\/\"><\/a><\/li>\n<li><a class=\"icon fa fa-vimeo\" href=\"https:\/\/vimeo.com\/\"><\/a><\/li>",
    "checkout_header_image": "",
    "checkout_logo_image": "",
    "checkout_logo_position": "left",
    "checkout_logo_size": "medium",
    "checkout_body_background_image": "",
    "checkout_body_background_color": "#fff",
    "checkout_input_background_color_mode": "white",
    "checkout_sidebar_background_image": "",
    "checkout_sidebar_background_color": "#fafafa",
    "checkout_heading_font": "Helvetica Neue",
    "checkout_body_font": "Helvetica Neue",
    "checkout_accent_color": "#49bdd1",
    "checkout_button_color": "#49bdd1",
    "checkout_error_color": "#ed5d61",
    "enable_scroll_sidebar": true,
    "checkout_use_storefront_logo": false,
    "submenu_gallery_title_1": "FEATURED",
    "submenu_gallery_link_1": "#",
    "submenu_gallery_collection_1": "",
    "submenu_gallery_length_1": "4",
    "footer_address_pass": "",
    "use_favicon_pass": true,
    "checkout_use_header_image": false,
    "checkout_logo": "",
    "checkout_use_body_background_image": false,
    "checkout_use_sidebar_background_image": false,
    "sections": {
      "header": {
        "type": "header",
        "blocks": {
          "1490885078159": {
            "type": "social_icons",
            "settings": {
              "show_content": true,
              "logo_left": false,
              "show_icon1": true,
              "url_icon1": "",
              "show_icon2": true,
              "url_icon2": "",
              "show_icon3": true,
              "url_icon3": "",
              "show_icon4": true,
              "url_icon4": ""
            }
          },
          "1520195013683": {
            "type": "image",
            "settings": {
              "linklist": "men",
              "newnavigation_item": "",
              "border": "disable",
              "title": "",
              "image1": "",
              "image2": "",
              "image3": "",
              "image4": "",
              "image5": "",
              "image6": "",
              "image7": "",
              "image8": "",
              "image9": "",
              "image10": "",
              "image11": "",
              "image12": "",
              "image13": "",
              "image14": "",
              "image15": "",
              "image16": "",
              "image17": "",
              "image18": "",
              "image19": "",
              "image20": ""
            }
          }
        },
        "block_order": ["1490885078159", "1520195013683"],
        "settings": {
          "header_design": "header_design6",
          "showfixedbar": false,
          "showindexshadow": false,
          "showshadow": false,
          "logo_text": "Milltag",
          "logo": "shopify:\/\/shop_images\/m-logo_a23c70a6-80c1-4be8-be4f-e3601079e183.png",
          "logo_max_width": "110",
          "logomobile": "shopify:\/\/shop_images\/m-logo_a23c70a6-80c1-4be8-be4f-e3601079e183.png",
          "logo_max_mobile_width": "390",
          "header_slogan": "",
          "show_minimenu": true,
          "linklist_minimenu": "",
          "main_menu_selected": "main-menu"
        }
      },
      "footer": {
        "type": "footer",
        "blocks": {
          "1490174253456": {
            "type": "footer_design1",
            "settings": {
              "show_logoblock": true,
              "linklist_t1": "Information",
              "linklist1": "information",
              "linklist_showhtml1": true,
              "linklist_html1": "",
              "linklist_t2": "Shop Support",
              "linklist2": "support",
              "linklist_showhtml2": true,
              "linklist_html2": "",
              "linklist_t3": "Custom Support",
              "linklist3": "custom",
              "linklist_showhtml3": true,
              "linklist_html3": "",
              "linklist_t4": "CONTACTS",
              "linklist4": "",
              "linklist_showhtml4": true,
              "linklist_html4": "<div class=\"list-info\">\n\t<ul>\n\t\t<li>220 Grand Union Studios<br> 332 Ladbroke Grove <br>London W10 5AH<\/li>\n\t\t<li>+44 (0)20 71383592<\/li>\n\t\t<li>\n<a href=\"mailto:info@milltag.cc\">info@milltag.cc<\/a>\n<\/li>\n\t<\/ul>\n<\/div>"
            }
          },
          "1490295921005": {
            "type": "social_icons",
            "settings": {
              "show_content": true,
              "show_icon1": true,
              "url_icon1": "https:\/\/www.facebook.com\/Milltag\/",
              "show_icon2": true,
              "url_icon2": "https:\/\/twitter.com\/milltag",
              "show_icon3": true,
              "url_icon3": "https:\/\/vimeo.com\/milltag",
              "show_icon4": true,
              "url_icon4": "https:\/\/www.instagram.com\/milltag\/"
            }
          },
          "1491491503105": {
            "type": "subscribe_form",
            "settings": {
              "show_content": true,
              "text1": "JOIN OUR NEWSLETTER",
              "text2": "Get News and Special Offers from Milltag.",
              "text3": "JOIN",
              "text4": "Your e-mail"
            }
          }
        },
        "block_order": ["1490174253456", "1490295921005", "1491491503105"],
        "settings": {
          "top_main_gap": false,
          "show_line": false,
          "logo_text": "Milltag",
          "logo": "shopify:\/\/shop_images\/m-logo-text.png",
          "logo_max_width": "160",
          "center_footer_address": false,
          "footer_address": "<a href=\"\/\">Milltag Cycling Limited<\/a> © 2018. <span>All Rights Reserved.<\/span>",
          "show_payment_icons": true
        }
      },
      "lookbook": {
        "type": "lookbook",
        "blocks": {
          "1491233184794": {
            "type": "item",
            "settings": {
              "show_content": true,
              "image": "",
              "collection": "",
              "limit": "4",
              "color_title": "#ffffff",
              "color_price": "#5fd179",
              "color_hover": "#5fd179"
            }
          },
          "1491233244054": {
            "type": "item",
            "settings": {
              "show_content": true,
              "image": "",
              "collection": "",
              "limit": "3",
              "color_title": "#ffffff",
              "color_price": "#5fd179",
              "color_hover": "#5fd179"
            }
          },
          "1491235446306": {
            "type": "item",
            "settings": {
              "show_content": true,
              "image": "",
              "collection": "",
              "limit": "4",
              "color_title": "#333333",
              "color_price": "#5fd179",
              "color_hover": "#5fd179"
            }
          },
          "1491235456306": {
            "type": "item",
            "settings": {
              "show_content": true,
              "image": "",
              "collection": "",
              "limit": "6",
              "color_title": "#ffffff",
              "color_price": "#5fd179",
              "color_hover": "#5fd179"
            }
          }
        },
        "block_order": ["1491233184794", "1491233244054", "1491235446306", "1491235456306"],
        "settings": {
          "title": "LOOKBOOK"
        }
      },
      "page-gallery": {
        "type": "page-gallery",
        "blocks": {
          "1491391757980": {
            "type": "item",
            "settings": {
              "filter": "",
              "image": "shopify:\/\/shop_images\/our-clubs-01_00ac4c1e-2434-4a8a-ade0-9839df0afb79.jpg",
              "imagebig": "",
              "tag": "",
              "tagurl": "",
              "title": "Islington CC",
              "titleurl": "shopify:\/\/blogs\/news\/title",
              "text2": ""
            }
          },
          "1491391781611": {
            "type": "item",
            "settings": {
              "filter": "",
              "image": "shopify:\/\/shop_images\/our-clubs-02_b118cbdf-688b-433c-8936-48f22f521815.jpg",
              "imagebig": "",
              "tag": "",
              "tagurl": "",
              "title": "DRK",
              "titleurl": "shopify:\/\/blogs\/news\/title",
              "text2": ""
            }
          },
          "1491389620762": {
            "type": "item",
            "settings": {
              "filter": "",
              "image": "shopify:\/\/shop_images\/our-clubs-03_de5d5672-bc6c-4d5a-a418-dd3612fcfb18.jpg",
              "imagebig": "",
              "tag": "",
              "tagurl": "",
              "title": "Club Peloton",
              "titleurl": "shopify:\/\/blogs\/news\/title",
              "text2": ""
            }
          },
          "1491391728917": {
            "type": "item",
            "settings": {
              "filter": "",
              "image": "shopify:\/\/shop_images\/our-clubs-04_06264da4-b0d2-448e-a9c4-bfdd40edc19d.jpg",
              "imagebig": "",
              "tag": "",
              "tagurl": "",
              "title": "FTR",
              "titleurl": "shopify:\/\/blogs\/our-clubs",
              "text2": ""
            }
          },
          "1491391737444": {
            "type": "item",
            "settings": {
              "filter": "",
              "image": "shopify:\/\/shop_images\/our-clubs-05_710284e6-7581-489d-a1d1-a50d2cc2765c.jpg",
              "imagebig": "",
              "tag": "",
              "tagurl": "",
              "title": "Mission CC",
              "titleurl": "shopify:\/\/blogs\/news\/title",
              "text2": ""
            }
          },
          "1516014199726": {
            "type": "item",
            "settings": {
              "filter": "",
              "image": "shopify:\/\/shop_images\/our-clubs-06_7d6da54d-2791-4f1c-84a2-d17d81ef4bb6.jpg",
              "imagebig": "",
              "tag": "",
              "tagurl": "",
              "title": "BBBC",
              "titleurl": "shopify:\/\/blogs\/news\/title",
              "text2": ""
            }
          }
        },
        "block_order": ["1491391757980", "1491391781611", "1491389620762", "1491391728917", "1491391737444", "1516014199726"],
        "settings": {
          "imagesinrow": "3",
          "title": "",
          "allfilter": "",
          "filtres": ""
        }
      },
      "page-contact": {
        "type": "page-contact",
        "blocks": {
          "1491485925926": {
            "type": "listinformation",
            "settings": {
              "show_content": true,
              "show_field1": true,
              "text1": "220 Grand Union Studios <br> 332 Ladbroke Grove <br> London W10 5AH",
              "show_field2": true,
              "text2": "+44 (0)20 71383592",
              "show_field3": true,
              "text3": "Monday to Friday 09:30 - 17:30",
              "show_field4": true,
              "text4": "",
              "email": "info@milltag.cc",
              "show_field5": false,
              "text5": ""
            }
          },
          "1491485931333": {
            "type": "contact_form",
            "settings": {
              "show_content": true,
              "show_field1": true,
              "show_field3": true
            }
          },
          "1491485935848": {
            "type": "social_icons",
            "settings": {
              "show_content": true,
              "show_icon1": true,
              "url_icon1": "",
              "show_icon2": true,
              "url_icon2": "",
              "show_icon3": true,
              "url_icon3": "",
              "show_icon4": true,
              "url_icon4": ""
            }
          },
          "1491485938910": {
            "type": "map",
            "settings": {
              "show_content": true,
              "api": "",
              "bigmap": false,
              "textx": "51.526033",
              "texty": "-0.214372",
              "zoom": "11",
              "text2": "London"
            }
          }
        },
        "block_order": ["1491485925926", "1491485931333", "1491485935848", "1491485938910"],
        "settings": {
          "design": "design1",
          "title": "",
          "slogan": "",
          "title2": ""
        }
      },
      "layout-2-banner": {
        "type": "layout-2-banner",
        "settings": {
          "show_widget": true,
          "image": "",
          "link": "",
          "show_btn": true,
          "btnname": "SHOW NOW!",
          "cbtnbg": "#5fd179",
          "cbtntext": "#ffffff",
          "acbtnbg": "#333333",
          "acbtntext": "#ffffff"
        }
      },
      "layout-2-testimonials": {
        "type": "layout-2-testimonials",
        "blocks": {
          "1493208037911": {
            "type": "comment_item",
            "settings": {
              "image": "",
              "link": "",
              "item_title": "- Author",
              "text": "<p>The other reason are design quality, code quality and features availability for 5 stars. Thank you<\/p>"
            }
          },
          "1493208043064": {
            "type": "comment_item",
            "settings": {
              "image": "",
              "link": "",
              "item_title": "- Author",
              "text": "<p>The other reason are design quality, code quality and features availability for 5 stars. Thank you<\/p>"
            }
          },
          "1493208045514": {
            "type": "comment_item",
            "settings": {
              "image": "",
              "link": "",
              "item_title": "- Author",
              "text": "<p>The other reason are design quality, code quality and features availability for 5 stars. Thank you<\/p>"
            }
          }
        },
        "block_order": ["1493208037911", "1493208043064", "1493208045514"],
        "settings": {
          "show_widget": true,
          "show_quotes": true,
          "module_autoplay": false,
          "delay_time": "7000",
          "color_text": "#ffffff",
          "acolor_text": "#333333",
          "color_bg": "#5fd179",
          "dot_color": "#ffffff",
          "dot_hcolor": "#333333",
          "dot_acolor": "#ffffff"
        }
      },
      "layout-2-customhtml": {
        "type": "layout-2-customhtml",
        "settings": {
          "show_block": true,
          "title": "FACEBOOK",
          "facebook_id": "134612429900944",
          "show_customhtml": false,
          "customhtml": ""
        }
      },
      "layout-2-subscribe": {
        "type": "layout-2-subscribe",
        "settings": {
          "show_widget": true,
          "title": "GET THE LATEST NEWS DELIVERED DAILY!",
          "title2": "Give us your email and you will be daily updated with the latest events, in detail!",
          "title3": "SUBSCRIBE",
          "title4": "Enter please your e-mail"
        }
      },
      "layout-2-bottom_banners": {
        "type": "layout-2-bottom_banners",
        "blocks": {
          "1493212163339": {
            "type": "item",
            "settings": {
              "image": "",
              "link": "",
              "showdescription": true,
              "title": "Pixel Perfect<br>Design",
              "showbtn": true,
              "color_title": "#333333",
              "color_title2": "#ffffff",
              "cbtntext": "#5fd179",
              "acbtntext": "#5fd179"
            }
          },
          "1498806672270": {
            "type": "item2",
            "settings": {
              "image": "",
              "link": "",
              "showdescription": true,
              "image2": "",
              "title": "MyShop",
              "title2": "is Dedicated Ecommerce Theme",
              "showbtn": true,
              "color_title": "#ffffff",
              "cbtntext": "#5fd179",
              "acbtntext": "#5fd179"
            }
          },
          "1498807286931": {
            "type": "item3",
            "settings": {
              "image": "",
              "link": "",
              "showdescription": true,
              "position": "left",
              "title": "It Does not<br>Matter - what<br>Kind of Products<br>do You Want<br>to Sell.",
              "showbtn": true,
              "color_title": "#ffffff",
              "cbtnbg": "#fe4135",
              "cbtntext": "#ffffff",
              "acbtnbg": "#333333",
              "acbtntext": "#ffffff"
            }
          }
        },
        "block_order": ["1493212163339", "1498806672270", "1498807286931"],
        "settings": {
          "show_widget": true,
          "imagehover": true,
          "mobile_carousel": true,
          "items": "4",
          "topoffset": true,
          "topoffsetsmall": true,
          "btnname": "SHOP NOW!"
        }
      },
      "layout2-collections": {
        "type": "layout2-collections",
        "blocks": {
          "1493297414505": {
            "type": "item",
            "settings": {
              "collection": "",
              "usecollectionimage": false,
              "image": "",
              "custom_name": "Women’s"
            }
          },
          "1493297416140": {
            "type": "item",
            "settings": {
              "collection": "",
              "usecollectionimage": false,
              "image": "",
              "custom_name": "Men’s"
            }
          },
          "1493297418521": {
            "type": "item",
            "settings": {
              "collection": "",
              "usecollectionimage": false,
              "image": "",
              "custom_name": "Bags"
            }
          }
        },
        "block_order": ["1493297414505", "1493297416140", "1493297418521"],
        "settings": {
          "show_block": true,
          "title": "COLLECTIONS",
          "items": "4",
          "mobile_carousel": true,
          "center_title": true,
          "show_title": true,
          "color_title": "#5fd179",
          "color_hover": "#333333"
        }
      },
      "layout2-tabs": {
        "type": "layout2-tabs",
        "blocks": {
          "1493297614406": {
            "type": "item",
            "settings": {
              "tab_name": "Tab",
              "collection": "",
              "limit": "8",
              "toshow": "3",
              "step": "3",
              "module_autoplay": false,
              "delay_time": "7000"
            }
          },
          "1493297616996": {
            "type": "item",
            "settings": {
              "tab_name": "Tab",
              "collection": "",
              "limit": "8",
              "toshow": "3",
              "step": "3",
              "module_autoplay": false,
              "delay_time": "7000"
            }
          },
          "1493297618668": {
            "type": "item",
            "settings": {
              "tab_name": "Tab",
              "collection": "",
              "limit": "8",
              "toshow": "3",
              "step": "3",
              "module_autoplay": false,
              "delay_time": "7000"
            }
          }
        },
        "block_order": ["1493297614406", "1493297616996", "1493297618668"],
        "settings": {
          "show_block": true,
          "show_lefttitle": true
        }
      },
      "layout2-tabs2": {
        "type": "layout2-tabs2",
        "blocks": {
          "1493298203350": {
            "type": "item",
            "settings": {
              "tab_name": "Tab",
              "collection": "",
              "limit": "8",
              "toshow": "3",
              "step": "3",
              "module_autoplay": false,
              "delay_time": "7000"
            }
          },
          "1493298205364": {
            "type": "item",
            "settings": {
              "tab_name": "Tab",
              "collection": "",
              "limit": "8",
              "toshow": "3",
              "step": "3",
              "module_autoplay": false,
              "delay_time": "7000"
            }
          }
        },
        "block_order": ["1493298203350", "1493298205364"],
        "settings": {
          "show_block": true,
          "show_lefttitle": true
        }
      },
      "layout2-slider": {
        "type": "layout2-slider",
        "blocks": {
          "1493307900530": {
            "type": "item",
            "settings": {
              "image": "",
              "link": "",
              "position": "center",
              "texts_size": "big_small",
              "text1": "Get Ready<br>for Website<br>Creation",
              "text2": "Unlike Anything You<br>Have Ever Seen",
              "showbtn": true,
              "color_title": "#ffffff",
              "color_title2": "#ffffff",
              "cbtnbg": "#5fd179",
              "cbtntext": "#ffffff",
              "acbtnbg": "#333333",
              "acbtntext": "#ffffff"
            }
          },
          "1493307902298": {
            "type": "item",
            "settings": {
              "image": "",
              "link": "",
              "position": "left",
              "texts_size": "small_big",
              "text1": "Get Ready<br>for Website<br>Creation",
              "text2": "Unlike Anything You<br>Have Ever Seen",
              "showbtn": true,
              "color_title": "#ffffff",
              "color_title2": "#ffffff",
              "cbtnbg": "#5fd179",
              "cbtntext": "#ffffff",
              "acbtnbg": "#333333",
              "acbtntext": "#ffffff"
            }
          }
        },
        "block_order": ["1493307900530", "1493307902298"],
        "settings": {
          "btnname": "SHOP NOW!",
          "module_autoplay": false,
          "delay_time": "7000"
        }
      },
      "layout-2-menu": {
        "type": "layout-2-menu",
        "settings": {
          "title": "CATEGORIES",
          "main_menu_selected": "main-menu"
        }
      },
      "collectionsall": {
        "type": "collectionsall",
        "blocks": {
          "1496309713393": {
            "type": "item",
            "settings": {
              "collection": "",
              "usecollectionimage": false,
              "image": "",
              "custom_name": "Women’s"
            }
          },
          "1496309716007": {
            "type": "item",
            "settings": {
              "collection": "",
              "usecollectionimage": false,
              "image": "",
              "custom_name": "Men’s"
            }
          },
          "1496309719834": {
            "type": "item",
            "settings": {
              "collection": "",
              "usecollectionimage": false,
              "image": "",
              "custom_name": "Bags"
            }
          },
          "1496309721746": {
            "type": "item",
            "settings": {
              "collection": "",
              "usecollectionimage": false,
              "image": "",
              "custom_name": "Shoes"
            }
          },
          "1496309724033": {
            "type": "item",
            "settings": {
              "collection": "",
              "usecollectionimage": false,
              "image": "",
              "custom_name": "Hats"
            }
          },
          "1496309726275": {
            "type": "item",
            "settings": {
              "collection": "",
              "usecollectionimage": false,
              "image": "",
              "custom_name": "Sunglasses"
            }
          },
          "1520192461686": {
            "type": "item",
            "settings": {
              "collection": "",
              "usecollectionimage": false,
              "image": "",
              "custom_name": "Collection Name"
            }
          }
        },
        "block_order": ["1496309713393", "1496309716007", "1496309719834", "1496309721746", "1496309724033", "1496309726275", "1520192461686"],
        "settings": {
          "title": "COLLECTIONS",
          "content": "all",
          "html": "<div class=\"row offset-8\">\n\t<div class=\"col-sm-4\">\n\t\t<a href=\"#\" class=\"collection zoom-in\">\n\t\t\t<div class=\"img\"><img src=\"\/\/cdn.shopify.com\/s\/files\/1\/1408\/4802\/files\/collection-img-01.jpg?5787348288926643107\" alt=\"\"><\/div>\n\t\t\t<h2>Sunglasses<\/h2>\n\t\t<\/a>\n\t\t<a href=\"#\" class=\"collection zoom-in\">\n\t\t\t<div class=\"img\"><img src=\"\/\/cdn.shopify.com\/s\/files\/1\/1408\/4802\/files\/collection-img-02.jpg?5787348288926643107\" alt=\"\"><\/div>\n\t\t\t<h2>Lingerie<\/h2>\n\t\t<\/a>\n\t\t<a href=\"#\" class=\"collection zoom-in\">\n\t\t\t<div class=\"img\"><img src=\"\/\/cdn.shopify.com\/s\/files\/1\/1408\/4802\/files\/collection-img-06.jpg?5787348288926643107\" alt=\"\"><\/div>\n\t\t\t<h2>Hats<\/h2>\n\t\t<\/a>\n\t<\/div>\n\t<div class=\"col-sm-8\">\n\t\t<a href=\"#\" class=\"collection zoom-in\">\n\t\t\t<div class=\"img\"><img src=\"\/\/cdn.shopify.com\/s\/files\/1\/1408\/4802\/files\/collection-img-03.jpg?5787348288926643107\" alt=\"\"><\/div>\n\t\t\t<h2>Women’s<\/h2>\n\t\t<\/a>\n\t\t<div class=\"row\">\n\t\t\t<div class=\"col-md-6\">\n\t\t\t\t<a href=\"#\" class=\"collection zoom-in\">\n\t\t\t\t\t<div class=\"img\"><img src=\"\/\/cdn.shopify.com\/s\/files\/1\/1408\/4802\/files\/collection-img-04.jpg?5787348288926643107\" alt=\"\"><\/div>\n\t\t\t\t\t<h2>Men’s<\/h2>\n\t\t\t\t<\/a>\n\t\t\t<\/div>\n\t\t\t<div class=\"col-md-6\">\n\t\t\t\t<a href=\"#\" class=\"collection zoom-in\">\n\t\t\t\t\t<div class=\"img\"><img src=\"\/\/cdn.shopify.com\/s\/files\/1\/1408\/4802\/files\/collection-img-05.jpg?5787348288926643107\" alt=\"\"><\/div>\n\t\t\t\t\t<h2>Bags<\/h2>\n\t\t\t\t<\/a>\n\t\t\t<\/div>\n\t\t<\/div>\n\t\t<a href=\"#\" class=\"collection zoom-in\">\n\t\t\t<div class=\"img\"><img src=\"\/\/cdn.shopify.com\/s\/files\/1\/1408\/4802\/files\/collection-img-07.jpg?5787348288926643107\" alt=\"\"><\/div>\n\t\t\t<h2>Shoes<\/h2>\n\t\t<\/a>\n\t<\/div>\n<\/div>",
          "imagehover": true,
          "items": "4",
          "show_title": true,
          "color_title": "#5fd179",
          "color_hover": "#333333"
        }
      },
      "1495646706337": {
        "type": "index_productsfeatured",
        "settings": {
          "top_indent": true,
          "limit": "8",
          "title": "Featured Products",
          "mobile_carousel": true,
          "center_title": true,
          "collection": "",
          "items": "4",
          "default_carousel": true,
          "toshow": "3",
          "step": "2",
          "module_autoplay": false,
          "delay_time": "7000"
        }
      },
      "1495646741460": {
        "type": "index_fullscreenbanner",
        "settings": {
          "topoffset": true,
          "imagehover": true,
          "image": "shopify:\/\/shop_images\/img-00.jpg",
          "banner_link": "",
          "position": "center",
          "title1": "Get more Information",
          "title2": "Get our Catalogue",
          "showbutton": true,
          "btnname": "DOWNLOAD",
          "color_title": "#fcfcfc",
          "color_title2": "#ffffff",
          "cbtnbg": "#49bdd1",
          "cbtntext": "#ffffff",
          "acbtnbg": "#333333",
          "acbtntext": "#ffffff"
        }
      },
      "show-helper": {
        "type": "show-helper",
        "settings": {}
      },
      "1515863199131": {
        "type": "index_sliderscroll",
        "blocks": {
          "1515863199131-0": {
            "type": "item",
            "settings": {
              "image": "shopify:\/\/shop_images\/img-09.jpg",
              "link": "",
              "position": "left",
              "text1": "Get Ready for Website Creation Unlike",
              "text2": "Anything You<br>Have Ever Seen",
              "showbtn": true,
              "color_title": "#ffffff",
              "color_title2": "#ffffff",
              "cbtnbg": "#08cf98",
              "cbtntext": "#ffffff",
              "acbtnbg": "#333333",
              "acbtntext": "#ffffff"
            }
          },
          "1515863199131-1": {
            "type": "item",
            "settings": {
              "image": "shopify:\/\/shop_images\/img-04_7eb4e15b-7e88-4a7f-846c-6f17a4bce5c7.jpg",
              "link": "",
              "position": "center",
              "text1": "Be Unique, Get Custom",
              "text2": "Your Custom Jersey<br>\nfrom £49.90",
              "showbtn": true,
              "color_title": "#ffffff",
              "color_title2": "#ffffff",
              "cbtnbg": "#ffe30c",
              "cbtntext": "#ffffff",
              "acbtnbg": "#333333",
              "acbtntext": "#ffffff"
            }
          },
          "1515863199131-2": {
            "type": "item",
            "settings": {
              "image": "shopify:\/\/shop_images\/img-05_b98e6bdf-dcee-4309-a5c7-8b94ce748f1d.jpg",
              "link": "",
              "position": "left",
              "text1": "Check out our Cycling Collection",
              "text2": "Get Ready for<br>Road Season",
              "showbtn": true,
              "color_title": "#49bdd1",
              "color_title2": "#49bdd1",
              "cbtnbg": "#49bdd1",
              "cbtntext": "#ffffff",
              "acbtnbg": "#333333",
              "acbtntext": "#ffffff"
            }
          },
          "1515863199131-3": {
            "type": "item",
            "settings": {
              "image": "shopify:\/\/shop_images\/img-05_f93b2778-1540-41a8-adf5-84a268a40eb2.jpg",
              "link": "",
              "position": "center",
              "text1": "There are Thousands Reasons<br>to Collaborate with us",
              "text2": "Why Choose Milltag?",
              "showbtn": true,
              "color_title": "#ffffff",
              "color_title2": "#ffffff",
              "cbtnbg": "#08cf98",
              "cbtntext": "#ffffff",
              "acbtnbg": "#333333",
              "acbtntext": "#ffffff"
            }
          },
          "1515863199131-4": {
            "type": "item",
            "settings": {
              "image": "shopify:\/\/shop_images\/img-01_7d485b42-6852-4cfe-94fb-7d9968af10cc.jpg",
              "link": "",
              "position": "left",
              "text1": "They Trust us, <br>They Collaborate with us",
              "text2": "Discover our<br>Case Studies",
              "showbtn": true,
              "color_title": "#ffffff",
              "color_title2": "#ffffff",
              "cbtnbg": "#08cf98",
              "cbtntext": "#ffffff",
              "acbtnbg": "#333333",
              "acbtntext": "#ffffff"
            }
          }
        },
        "block_order": ["1515863199131-0", "1515863199131-1", "1515863199131-2", "1515863199131-3", "1515863199131-4"],
        "settings": {
          "topoffset": false,
          "btnname": "LEARN MORE!"
        }
      }
    },
    "content_for_index": ["1515863199131", "1495646706337", "1495646741460"]
  }
}
